x,y,,,,,,,,T,,,,ax,ay,az,g1,g2,g3,z
0.875935,-0.912998,,,,,,,,11.8,,,,0.0320823,0.07757214,9.68694,0.01810949,0.02428803,0.01981392,0
0.8799301,-0.920787,,,,,,,,12,,,,0.03734955,0.05841852,9.667308,0.02130529,0.02450108,0.01235707,-0.027886
0.8792056,-0.9262437,,,,,,,,12.2,,,,0.002394202,0.04644751,9.742965,0.01896171,0.02045308,0.01150486,-0.050254
0.8816337,-0.9325421,,,,,,,,12.4,,,,0.06607997,0.1039084,9.756372,0.01363538,0.02588593,0.00990696,-0.06829
0.8846761,-0.9385706,,,,,,,,12.6,,,,0.03734955,0.04836287,9.708009,0.01768339,0.02695119,0.008096009,-0.083267
0.8882045,-0.9432555,,,,,,,,12.8,,,,0.07565677,0.1268927,9.783666,0.01587244,0.0241815,0.01555286,-0.096524
0.890188,-0.9479011,,,,,,,,13,,,,0.02585738,0.104866,9.741528,0.01352886,0.02460761,0.004687164,-0.110539
0.8881997,-0.951519,,,,,,,,13.2,,,,0.0296881,0.104866,9.717586,0.01906823,0.01597897,0.01065264,-0.125987
0.8910072,-0.9567432,,,,,,,,13.4,,,,-0.8710106,-0.5046977,9.553344,0.01896171,0.001704423,0.03376888,-0.14152
0.8952401,-0.9622064,,,,,,,,13.6,,,,-0.9069236,1.505474,10.35109,0.01672465,0.02929477,-0.000639159,-0.156342
0.9010223,-0.9696356,,,,,,,,13.8,,,,-0.3529053,-0.1005565,8.971553,0.0294013,0.03930826,0.03579288,-0.171806
0.9043302,-0.9779343,,,,,,,,14,,,,0.5358223,2.170583,9.129091,0.01917476,0.03099919,-0.01214401,-0.190003
0.9045176,-0.9852135,,,,,,,,14.2,,,,0.06607997,-1.488236,9.525571,0.05475459,0.04474111,0.07659251,-0.21385
0.9075003,-0.9939553,,,,,,,,14.4,,,,-8.710585,-1.773146,6.792829,0.0716923,-0.1117462,0.006178534,-0.23955
0.9080717,-1.00363,,,,,,,,14.6,,,,-1.145386,-3.147897,12.21618,-0.001704423,-0.01416802,-0.04090615,-0.27265
0.9152719,-1.018656,,,,,,,,14.8,,,,18.69728,-7.375578,9.955569,0.1784318,-0.1211206,0.1445564,-0.31226
0.926345,-1.040064,,,,,,,,15,,,,77.47445,5.623501,12.50779,-0.2789928,0.1896171,0.2664226,-0.37382
0.9381859,-1.075914,,,,,,,,15.2,,,,86.73618,-9.234915,16.67083,0.06956176,0.1622398,0.1597897,-0.44172
0.9487577,-1.120332,,,,,,,,15.4,,,,-11.74787,-11.27956,8.886798,0.1518002,0.1803493,0.04932174,-0.50273
0.95952,-1.167907,,,,,,,,15.6,,,,56.60611,44.43399,8.720161,0.0350472,0.07190535,0.007456851,-0.55589
0.9715559,-1.190154,,,,,,,,15.8,,,,53.22119,11.45578,8.758947,-0.390739,0.4545483,0.515375,-0.59766
0.9987776,-1.222547,,,,,,,,16,,,,6.522763,-3.168008,7.070557,-0.1814145,0.4264254,0.3781689,-0.62314
1.018546,-1.252874,,,,,,,,16.2,,,,-9.295249,0.6033388,19.41841,-0.2575809,0.2494849,0.4421913,-0.62673
1.035009,-1.255967,,,,,,,,16.4,,,,13.80018,10.02309,8.574594,-0.1229315,0.1219728,0.3995807,-0.60375
1.042239,-1.231253,,,,,,,,16.6,,,,-16.13309,-29.4664,14.99345,-0.000958738,-0.2167813,-0.127086,-0.55937
1.035693,-1.189083,,,,,,,,16.8,,,,6.776548,15.53454,12.99429,-0.3445065,0.1729989,-0.0684965,-0.48591
1.029579,-1.131289,,,,,,,,17,,,,-12.71513,2.449747,3.816836,0.4054396,-0.2944391,-0.8042747,-0.37604
1.02412,-1.089085,,,,,,,,17.2,,,,4.799896,-5.59477,4.816655,0.2345712,-0.1091896,-0.4040548,-0.22537
1.007016,-1.057777,,,,,,,,17.4,,,,84.79257,8.502768,16.98112,-0.2408563,0.1223989,0.04623248,-0.048175
0.975125,-1.01709,,,,,,,,17.6,,,,-9.866506,-34.32375,6.1689,0.01629855,-0.1680987,-0.1753425,0.146746
0.9370689,-0.9900408,,,,,,,,17.8,,,,44.74572,23.21322,12.61361,-0.2956109,0.3954262,0.2310559,0.364371
0.9040484,-0.9774672,,,,,,,,18,,,,74.81593,25.29283,13.40944,-0.2449043,0.1816276,0.1258077,0.619872
0.8685354,-0.9613631,,,,,,,,18.2,,,,-17.12142,20.70793,14.9652,0.4045874,-0.2718555,-0.4011786,0.911756
0.8314579,-0.9308451,,,,,,,,18.4,,,,45.01291,51.38005,3.825934,0.4351605,-0.1423193,-0.1714011,1.22249
0.8015819,-0.9086856,,,,,,,,18.6,,,,-32.66745,-3.627216,10.20744,0.1715076,0.110681,0.02183792,1.519546
0.7855043,-0.8958206,,,,,,,,18.8,,,,-40.83646,-35.79188,11.88147,-0.02695119,-0.01278317,-0.03994742,1.804425
0.7658657,-0.8848379,,,,,,,,19,,,,-36.717,1.736754,9.923009,-0.02716424,0.002343582,-0.02396845,2.08842
0.7564109,-0.8687484,,,,,,,,19.2,,,,77.61379,10.13418,14.13297,0.01640507,0.1799232,-0.4219512,2.365533
0.755488,-0.8565322,,,,,,,,19.4,,,,-36.75291,-9.048167,6.487808,0.2444782,0.1842908,-1.110219,2.586956
0.7504833,-0.8311478,,,,,,,,19.6,,,,3.211582,26.01396,9.436028,0.3809386,0.3018959,-0.6951916,2.763936
0.7534078,-0.6275197,,,,,,,,19.8,,,,51.15882,-13.06803,17.87271,-0.2762231,-0.2797385,-0.314253,2.993765
0.7724114,-0.2611025,,,,,,,,20,,,,-40.03728,-44.37557,6.275203,-0.04111921,0.2995524,-1.115971,3.160368
0.8390615,-0.1369736,,,,,,,,20.2,,,,-62.25739,15.39759,16.27483,0.07488809,0.03557983,-1.003479,3.14636
0.9158986,-0.008231948,,,,,,,,20.4,,,,-61.82021,0.9193735,12.81712,0.02332929,-0.262055,-0.9302954,3.114639
0.9767406,0.1433914,,,,,,,,20.6,,,,9.66635,14.12531,5.23181,-0.1689509,0.2265818,-0.5144162,3.080929
1.034792,0.3078694,,,,,,,,20.8,,,,-30.11188,-1.137246,4.88896,0.4442153,-0.4816061,-0.2330799,3.030091
1.096349,0.4810354,,,,,,,,21,,,,-26.85002,-21.27152,18.18875,-0.1391235,-0.07062703,0.02226403,2.986397
1.152153,0.6657714,,,,,,,,21.2,,,,-46.72716,1.882321,3.674142,-0.005965481,0.008735169,0.4578507,2.953325
1.180717,0.8700591,,,,,,,,21.4,,,,-5.338591,-11.75314,6.034346,0.1787514,0.1625594,0.145089,2.911437
1.201324,1.075564,,,,,,,,21.6,,,,9.462843,20.0864,9.9843,-0.4054396,0.3172357,0.5300756,2.87376
1.215382,1.272866,,,,,,,,21.8,,,,71.29214,52.80891,9.281841,-0.3440804,0.1714011,0.3053048,2.846804
1.230525,1.450899,,,,,,,,22,,,,67.73963,6.980535,12.05481,-0.02588593,0.3888215,0.05166532,2.824431
1.241196,1.612369,,,,,,,,22.2,,,,-10.16387,40.33512,-0.6038177,-0.6057094,0.3567571,0.3510046,2.808123
1.243775,1.774408,,,,,,,,22.4,,,,73.25826,19.95136,23.27451,-0.4055462,0.1584048,0.2871953,2.775793
1.251987,1.942186,,,,,,,,22.6,,,,40.77134,13.38359,22.34748,0.2512959,-0.04708469,0.1597897,2.750692
1.269431,2.097388,,,,,,,,22.8,,,,41.69455,7.704062,10.10784,-0.6396913,0.5407282,0.431006,2.734933
1.28308,2.253685,,,,,,,,23,,,,-57.81279,-28.04281,9.675927,-0.1919606,-0.2148638,0.1193096,2.732203
1.302006,2.402888,,,,,,,,23.2,,,,-3.52235,19.75791,6.54479,-0.06040049,0.2930543,0.2380866,2.737011
1.33145,2.55216,,,,,,,,23.4,,,,17.07784,-5.225585,19.81585,-0.4394216,0.4128965,0.2895389,2.750922
1.34207,2.709643,,,,,,,,23.6,,,,-37.29927,-8.541554,16.35671,-0.151161,-0.005752428,0.1946238,2.759461
1.348427,2.878793,,,,,,,,23.8,,,,20.60929,32.5305,10.16339,0.7866978,-0.3387541,-0.6026201,2.767719
1.33239,3.042378,,,,,,,,24,,,,74.91074,2.132755,18.10926,-0.6337258,-0.1537177,0.2185923,2.761186
1.330291,3.207318,,,,,,,,24.2,,,,-6.142085,12.84058,12.82143,0.02364887,0.2792058,0.5229383,2.745619
1.336778,3.391965,,,,,,,,24.4,,,,-59.58402,-16.23987,14.45044,0.3193663,-0.06956176,-0.1526524,2.747322
1.347367,3.584618,,,,,,,,24.6,,,,41.65097,29.89305,5.391263,0.1781122,0.108657,-0.3456783,2.752516
1.366262,3.782277,,,,,,,,24.8,,,,-57.15247,22.2814,15.2774,-0.07680557,-0.04708469,-0.03802994,2.760206
1.380496,3.976356,,,,,,,,25,,,,4.24492,57.53746,14.07503,-0.04037352,0.5466937,0.2228533,2.760664
1.396567,4.162113,,,,,,,,25.2,,,,47.11454,56.66501,-5.705383,0.2720685,0.271962,-0.2253034,2.746217
1.401242,4.33474,,,,,,,,25.4,,,,-10.68963,-43.21965,3.152206,0.3987285,-0.3856257,-0.4466654,2.728628
1.416256,4.502034,,,,,,,,25.6,,,,-25.01079,-27.0315,12.19223,-0.2685532,0.01267665,-0.03004046,2.709871
1.413691,4.662946,,,,,,,,25.8,,,,47.95586,-2.914222,25.25835,-0.4393151,0.06263755,0.5120726,2.689432
1.388981,4.821422,,,,,,,,26,,,,-66.51571,-14.54478,8.848969,0.1514806,-0.3276753,-0.2603506,2.674429
1.359772,4.978061,,,,,,,,26.2,,,,-13.90888,-21.32851,-3.516603,-0.1678857,0.4435761,0.2229598,2.661338
1.319158,5.120567,,,,,,,,26.4,,,,63.48274,42.19972,9.540415,-0.09768475,0.08543421,-0.1334776,2.650208
1.277505,5.264522,,,,,,,,26.6,,,,32.75603,22.27661,21.51813,-0.2847452,0.1453021,0.288154,2.638656
1.240602,5.424152,,,,,,,,26.8,,,,-38.28185,-14.14782,15.09784,0.2755839,-0.2321211,-0.2732403,2.635194
1.211879,5.598397,,,,,,,,27,,,,6.186617,-14.62283,16.27147,0.2629073,-0.2788862,-0.1039698,2.632922
1.175845,5.773732,,,,,,,,27.2,,,,-10.04607,22.94699,-0.3615245,0.08990832,-0.08042747,0.1963282,2.630177
1.143332,5.96518,,,,,,,,27.4,,,,19.67028,-2.901294,13.08958,0.4972654,0.1375256,-0.4308995,2.629539
1.119294,6.142863,,,,,,,,27.6,,,,-16.4654,-40.9442,-3.541503,-0.1359277,0.1449825,0.2987002,2.629659
1.08121,6.313545,,,,,,,,27.8,,,,-15.15242,-26.93285,20.80178,-0.01193096,-0.4263188,-0.3053048,2.636522
1.047698,6.491377,,,,,,,,28,,,,26.10637,10.28214,0.04070143,-0.3711381,0.4165184,0.4778776,2.630995
1.022889,6.679422,,,,,,,,28.2,,,,11.32362,-12.9555,14.15596,-0.05070659,0.2051699,0.1874865,2.625728
1.008814,6.879513,,,,,,,,28.4,,,,-17.85117,16.66987,-5.113057,0.7277887,-0.221362,-0.2507632,2.63471
1.006981,7.0806,,,,,,,,28.6,,,,-20.0864,-42.9697,14.46768,-0.02844256,0.2205097,-0.06732471,2.655132
1.007028,7.261046,,,,,,,,28.8,,,,14.82059,-4.667257,5.636909,-0.05773733,0.1389105,0.03057309,2.656872
1.001234,7.431662,,,,,,,,29,,,,-76.99753,-12.90523,13.67664,-0.2639725,0.1130246,0.5060006,2.638304
0.9920062,7.599065,,,,,,,,29.2,,,,23.28936,5.09965,11.7924,0.7160708,-0.4839496,-0.7941546,2.617888
0.9730337,7.782633,,,,,,,,29.4,,,,-43.60943,-28.68493,12.38377,0.4690359,-0.5466937,-0.3107376,2.600825
0.9694765,7.970422,,,,,,,,29.6,,,,-25.64286,12.49247,8.892544,-0.0237554,0.1765143,0.3311907,2.608015
0.9630179,8.154641,,,,,,,,29.8,,,,7.940609,-40.87956,10.51725,-0.3572897,0.01874865,0.2279666,2.612238
0.9379073,8.351068,,,,,,,,30,,,,35.27234,55.66663,0.03591302,0.1157942,0.1724663,0.01001349,2.621877
0.9062904,8.560096,,,,,,,,30.2,,,,5.777688,31.21369,6.316862,0.1333711,-0.002663161,-0.02652508,2.643675
0.8744998,8.768427,,,,,,,,30.4,,,,58.26385,4.274608,20.26309,-0.1089766,0.04442153,0.2854909,2.664437
0.8669651,8.982854,,,,,,,,30.6,,,,-75.14681,16.13453,3.839821,0.2359561,-0.1476457,-0.1695901,2.692512
0.8605768,9.185739,,,,,,,,30.8,,,,46.33929,9.813354,-1.533726,-0.01587244,0.1785383,-0.1647964,2.729895
0.8612656,9.377478,,,,,,,,31,,,,-7.493372,44.57812,8.026321,-0.4136422,0.2843191,0.4941762,2.761204
0.8838221,9.568196,,,,,,,,31.2,,,,2.582386,26.77484,14.47343,0.4959871,0.150948,-0.3422695,2.777041
0.9240427,9.767013,,,,,,,,31.4,,,,31.88263,5.793489,4.293761,-0.04303668,0.4343083,0.2324407,2.794041
0.9744363,9.963896,,,,,,,,31.6,,,,12.52503,25.90095,1.681208,-0.4495416,0.4950284,0.239791,2.803948
1.021463,10.16208,,,,,,,,31.8,,,,-46.88039,11.67939,1.857422,0.5127118,-0.1647964,-0.2343582,2.808171
1.07369,10.35228,,,,,,,,32,,,,44.97412,17.5495,17.99722,-0.03025351,0.2284992,0.4830974,2.807824
1.122653,10.52504,,,,,,,,32.2,,,,23.62646,7.409575,6.009446,-0.2218946,0.5512744,0.1055677,2.795393
1.155989,10.68564,,,,,,,,32.4,,,,-43.56633,-25.9,-0.5631163,0.4205664,-0.223599,-0.2871953,2.774247
1.18076,10.84982,,,,,,,,32.6,,,,63.39128,10.49235,19.89342,-0.3336408,-0.01012001,0.04154531,2.760322
1.212772,11.02514,,,,,,,,32.8,,,,-28.04616,-14.00129,2.283111,-0.1494566,0.06274407,0.2806972,2.743466
1.23048,11.20755,,,,,,,,33,,,,-18.98794,-28.50106,0.4299986,-0.2583266,0.179284,0.1192031,2.727077
1.225608,11.38962,,,,,,,,33.2,,,,53.56356,-16.77282,20.8444,-0.08458199,-0.2452239,-0.2665292,2.711891
1.204001,11.56878,,,,,,,,33.4,,,,68.42628,-9.214804,26.08387,-0.4939631,0.0551807,0.535615,2.698519
1.164401,11.7511,,,,,,,,33.6,,,,49.63659,14.10328,34.71784,-0.277821,0.3335343,0.3857323,2.687561
1.112738,11.92982,,,,,,,,33.8,,,,37.16423,-1.733881,13.93042,0.06785735,0.2576875,0.3530286,2.673402
1.042318,12.10491,,,,,,,,34,,,,-29.49417,-6.302018,19.04061,0.2607767,-0.3761449,-0.3764645,2.640348
0.9884111,12.27985,,,,,,,,34.2,,,,-47.9391,-31.38128,19.33653,-0.102798,0.09139969,0.2141182,2.60888
0.9667099,12.46851,,,,,,,,34.4,,,,-26.47269,-10.31662,6.941749,0.366664,-0.08532768,-0.4000068,2.592216
0.9619028,12.66391,,,,,,,,34.6,,,,-22.96806,-68.29317,0.2978387,0.1045024,0.03526025,0.004367584,2.59627
0.9750189,12.86657,,,,,,,,34.8,,,,-2.96881,31.10786,-12.53173,0.467438,-0.08085357,-0.3522829,2.604285
1.013313,13.07018,,,,,,,,35,,,,-63.39032,34.93906,7.218997,-0.2694054,0.3312972,0.1456216,2.60388
1.042398,13.28236,,,,,,,,35.2,,,,-7.052361,-6.188533,19.72391,0.08010788,-0.01203749,0.1979261,2.598718
1.071783,13.50237,,,,,,,,35.4,,,,26.19065,33.0735,5.782955,0.1793905,-0.1117462,-0.3523895,2.599024
1.091725,13.71223,,,,,,,,35.6,,,,3.900155,18.60582,8.247067,-0.670584,0.2460761,0.1636246,2.600133
1.100715,13.91857,,,,,,,,35.8,,,,63.95535,1.68887,13.49564,-0.213479,0.1429585,0.6370282,2.601577
1.102594,14.13288,,,,,,,,36,,,,45.15369,-6.029558,21.25285,-0.4789429,0.5066398,0.3032808,2.613754
1.099393,14.35036,,,,,,,,36.2,,,,52.23717,20.3488,11.02338,-0.4236557,0.3559048,0.5456284,2.630112
1.080816,14.56174,,,,,,,,36.4,,,,-20.90665,-4.246356,2.990358,0.3851996,-0.09715211,-0.3092463,2.652848
1.077419,14.77583,,,,,,,,36.6,,,,15.01643,26.78346,12.33876,-0.08447547,0.09715211,0.02162487,2.678451
1.092501,14.99317,,,,,,,,36.8,,,,-43.42986,-8.754159,-0.4860229,0.09555422,0.03249057,0.2223207,2.701608
1.106184,15.20878,,,,,,,,37,,,,-19.49838,-31.33914,13.12023,0.1976065,-0.1481783,0.09981528,2.721612
1.108943,15.42014,,,,,,,,37.2,,,,-24.70816,-37.9481,9.483912,-0.2904976,-0.02652508,-0.03696468,2.741262
1.123121,15.61445,,,,,,,,37.4,,,,70.41874,2.301307,17.26986,-0.2429868,-0.01395496,0.447198,2.762193
1.150668,15.78178,,,,,,,,37.6,,,,17.29045,-6.156929,-2.27928,-0.1917476,0.01960087,-0.04814995,2.769459
1.156688,15.96259,,,,,,,,37.8,,,,-13.16667,-3.825934,16.53484,0.1771535,-0.1802427,-0.2516155,2.790899
1.154461,16.16352,,,,,,,,38,,,,45.42088,1.035732,8.682812,-0.4564658,0.3511112,0.3245861,2.812472
1.162656,16.37527,,,,,,,,38.2,,,,-8.384495,-33.36943,9.961316,0.2545982,-0.0556068,-0.05400891,2.830322
1.166659,16.59758,,,,,,,,38.4,,,,24.45725,-23.46797,10.738,-0.3898868,0.1895105,0.7069095,2.847218
1.169683,16.81942,,,,,,,,38.6,,,,38.5342,4.605965,13.63306,-0.3801929,0.5134575,0.2493784,2.861628
1.164704,17.03235,,,,,,,,38.8,,,,-63.70588,-5.647443,16.95669,0.2482066,-0.1467934,-0.07872304,2.867999
1.153191,17.23607,,,,,,,,39,,,,-54.25692,-14.09898,8.474996,-0.287941,0.2260491,0.1022654,2.872986
1.141509,17.42292,,,,,,,,39.2,,,,2.021185,1.672589,-6.324523,-0.6280799,0.03281014,0.1596831,2.865405
1.13934,17.58986,,,,,,,,39.4,,,,90.27386,-1.777455,22.30055,-0.1822667,0.2290319,0.1643703,2.831963
1.135313,17.76309,,,,,,,,39.6,,,,58.31222,44.92815,8.241322,0.1736381,-0.0112918,-0.001917476,2.803788
1.13063,17.92954,,,,,,,,39.8,,,,53.80873,20.79508,24.52668,-0.7061638,0.2936934,0.5167598,2.793217
1.128401,18.07962,,,,,,,,40,,,,13.20354,30.52081,-1.695095,-0.6464025,0.4690359,0.2379801,2.776004
1.152942,18.24892,,,,,,,,40.2,,,,-25.14726,-7.04039,0.4735731,0.04921522,0.2279666,-0.03419499,2.750374
1.189928,18.45921,,,,,,,,40.4,,,,30.98289,37.84802,1.230141,0.3168097,0.003834952,0.1703358,2.74571
1.213974,18.68094,,,,,,,,40.6,,,,0.7005434,-21.46881,1.547612,-0.348235,0.2637595,0.2459696,2.764144
1.217005,18.88846,,,,,,,,40.8,,,,-11.87572,26.75042,-10.86154,0.7596401,-0.4718056,-0.743235,2.792954
1.209366,19.07466,,,,,,,,41,,,,87.21072,-1.880885,19.12919,-0.05709817,0.01033306,0.07850999,2.825057
1.193969,19.24168,,,,,,,,41.2,,,,16.45152,25.30097,12.85782,-0.2880475,-0.05454154,0.01225054,2.84047
1.190679,19.41068,,,,,,,,41.4,,,,40.10288,32.23266,0.5382165,0.1600027,0.3062635,0.1751295,2.842687
1.18883,19.59074,,,,,,,,41.6,,,,-55.82991,1.599806,9.511206,0.2365952,-0.2862366,-0.328208,2.84927
1.185865,19.7706,,,,,,,,41.8,,,,-22.54763,30.59838,-9.492531,0.6270146,-0.2978479,-0.3044526,2.842635
1.187053,19.95908,,,,,,,,42,,,,-8.495585,13.79826,1.133415,-0.1470065,0.3274623,-0.1516937,2.8271
1.194218,20.14962,,,,,,,,42.2,,,,-48.13591,-20.63036,14.62618,-0.1114267,-0.2740926,-0.2216815,2.810734
1.197946,20.34705,,,,,,,,42.4,,,,51.73774,2.747107,4.95073,-0.1412541,0.3390737,-0.08181231,2.794707
1.190848,20.5458,,,,,,,,42.6,,,,-64.10044,-33.60214,22.57158,0.1641573,-0.2536395,-0.08958874,2.773152
1.173949,20.75066,,,,,,,,42.8,,,,-8.059361,22.62856,12.76445,0.02066613,0.09502159,0.2481001,2.753082
1.164364,20.97216,,,,,,,,43,,,,-75.48104,-30.41785,20.8918,0.4839496,-0.1283644,-0.4011786,2.734874
1.14553,21.19509,,,,,,,,43.2,,,,-58.89976,-9.375694,16.65311,-0.1292166,0.0092678,-0.008948221,2.717409
1.1158,21.40783,,,,,,,,43.4,,,,-19.00422,-30.72479,-2.98126,0.4098072,0.5019526,-0.6139119,2.709187
1.064055,21.60174,,,,,,,,43.6,,,,-8.783368,18.03456,-5.73938,0.7686948,0.2351039,-1.345429,2.707154
0.9790496,21.7471,,,,,,,,43.8,,,,22.86798,4.197036,9.035238,-0.2808037,-0.0741424,-0.7527158,2.705821
0.8375494,21.84883,,,,,,,,44,,,,8.479305,-11.91977,12.49965,-0.1415736,-0.1155812,-0.4494351,2.685985
0.6465569,21.92425,,,,,,,,44.2,,,,-46.99578,-25.97374,6.78421,0.2064482,-0.4624313,-0.7396131,2.672727
0.4476251,21.96788,,,,,,,,44.4,,,,-69.75459,-21.53728,12.90283,0.2339321,-0.1761947,-1.096583,2.672467
0.2395107,21.97955,,,,,,,,44.6,,,,44.20079,14.91396,5.837064,0.1352886,-0.05581986,-1.166891,2.672229
0.03083025,21.95851,,,,,,,,44.8,,,,7.83718,-3.174233,2.183033,-0.4734035,-0.09086706,-0.7030745,2.680071
-0.1809225,21.93047,,,,,,,,45,,,,38.31441,2.315193,4.967011,-0.05209143,-0.1340103,-0.9893111,2.689579
-0.3795059,21.90318,,,,,,,,45.2,,,,-19.75312,3.786191,5.468835,0.1689509,-0.01278317,-0.08852348,2.703208
-0.5712885,21.87929,,,,,,,,45.4,,,,-76.22516,-8.41514,13.27537,0.5069593,-0.09374327,-0.4426174,2.724324
-0.738542,21.8728,,,,,,,,45.6,,,,17.03379,-14.14303,15.66239,-0.3776363,0.07265104,-0.1582983,2.742317
-0.8859476,21.88374,,,,,,,,45.8,,,,5.885906,2.319982,13.65844,0.02716424,-0.2547047,-0.1700162,2.758722
-1.024809,21.90664,,,,,,,,46,,,,91.28421,-10.40424,13.47361,-0.1440237,0.02066613,0.459342,2.772336
-1.157716,21.9424,,,,,,,,46.2,,,,-62.03616,18.20647,15.54699,0.3333212,-0.4144944,-0.4743623,2.784101
-1.294667,21.985,,,,,,,,46.4,,,,-45.55591,-7.416279,7.294175,-0.1008805,0.09129316,-0.05177185,2.794775
-1.428335,22.03058,,,,,,,,46.6,,,,-32.26474,13.32182,11.22067,-0.009054747,-0.09161274,0.5723666,2.802679
-1.569703,22.07039,,,,,,,,46.8,,,,-13.65796,15.0806,4.395754,-0.1975,0.2811233,0.5809952,2.801355
-1.71379,22.10369,,,,,,,,47,,,,-12.17068,-12.88703,9.1832,-0.007243798,0.1219728,0.4399542,2.796828
-1.85448,22.14568,,,,,,,,47.2,,,,44.20846,11.38587,2.748544,-0.3195793,0.3481284,0.08564726,2.790971
-2.007292,22.18712,,,,,,,,47.4,,,,-18.16337,14.32738,11.81108,0.1383778,-0.02790993,0.04559332,2.788216
-2.175366,22.21809,,,,,,,,47.6,,,,-10.51198,19.02576,2.588611,0.1806688,0.09321064,0.07904262,2.779335
-2.360498,22.24899,,,,,,,,47.8,,,,-0.02681506,-24.20586,13.95197,-0.06466155,0.1376322,-0.203572,2.770737
-2.555902,22.27153,,,,,,,,48,,,,-45.29877,24.62053,12.1046,0.3875432,-0.2984871,-0.3651727,2.764093
-2.75582,22.28439,,,,,,,,48.2,,,,-11.68466,-1.685997,12.53125,-0.3710316,0.1209075,0.2745186,2.758024
-2.950199,22.28811,,,,,,,,48.4,,,,28.1946,-32.74166,0.8647857,0.09885654,0.131134,-0.03568636,2.751057
-3.149415,22.28542,,,,,,,,48.6,,,,35.51846,9.203791,9.751104,-0.3296993,0.1526524,0.429195,2.730725
-3.336212,22.28646,,,,,,,,48.8,,,,56.50986,-17.30912,13.59523,-0.4821387,0.2816559,0.4473045,2.714647
-3.513459,22.29379,,,,,,,,49,,,,2.083434,4.110365,9.294291,-0.141041,-0.02439456,0.4017112,2.714915
-3.695497,22.2994,,,,,,,,49.2,,,,18.17678,-17.53561,5.559336,-0.01139833,-0.1260208,-0.3188336,2.724339
-3.875432,22.30706,,,,,,,,49.4,,,,-13.06133,-4.942111,9.926839,0.1010936,0.1341168,-0.3451457,2.73383
-4.056414,22.30363,,,,,,,,49.6,,,,17.30242,-23.64657,14.01518,-0.1507349,-0.1665008,-0.1316667,2.747986
-4.228888,22.31384,,,,,,,,49.8,,,,-45.23317,1.983357,17.41207,-0.03632552,0.1460478,-0.366451,2.759133
-4.406659,22.31974,,,,,,,,50,,,,14.42554,32.78572,-0.7326257,0.2322277,-0.1868474,-0.04442153,2.765811
-4.590543,22.32982,,,,,,,,50.2,,,,-69.93032,22.90389,14.49785,0.09448896,-0.2965696,-0.4355866,2.77538
-4.782924,22.34106,,,,,,,,50.4,,,,-69.45292,17.10753,-1.332134,-0.006498113,-0.07637946,0.08223841,2.788331
-4.997178,22.34857,,,,,,,,50.6,,,,-22.18324,-2.274971,10.46889,0.3126551,-0.09033442,-0.423123,2.800729
-5.200461,22.36022,,,,,,,,50.8,,,,-38.14155,-13.59332,1.311065,-0.01949434,0.1368865,0.1431715,2.817631
-5.394468,22.36296,,,,,,,,51,,,,36.21661,5.819347,2.303701,0.165329,-0.08649947,0.2433064,2.826341
-5.583633,22.35214,,,,,,,,51.2,,,,15.93389,10.30608,-0.8461109,0.1604288,-0.2799515,-0.3946805,2.831696
-5.765495,22.3499,,,,,,,,51.4,,,,2.591484,29.03975,11.86518,0.4377172,-0.1343298,-0.6789995,2.828808
-5.950135,22.35474,,,,,,,,51.6,,,,-49.76636,-0.5233725,16.29302,0.4201403,-0.2632268,-0.6679208,2.825315
-6.145668,22.36742,,,,,,,,51.8,,,,3.347573,-38.37331,5.906496,-0.08490158,0.0479369,0.07691209,2.818128
-6.352294,22.39056,,,,,,,,52,,,,-31.36644,-14.76025,12.18936,0.02929477,0.1564873,-0.2128398,2.809957
-6.566289,22.42775,,,,,,,,52.2,,,,27.21872,30.25026,6.1689,0.2844256,0.1564873,-0.08213188,2.799038
-6.774574,22.47264,,,,,,,,52.4,,,,59.09608,1.865083,2.636016,-0.4172641,0.5044027,0.4910869,2.783941
-6.985249,22.52785,,,,,,,,52.6,,,,-18.36257,-1.311065,-2.161006,0.0608266,0.181095,-0.4425108,2.766752
-7.20053,22.58313,,,,,,,,52.8,,,,44.67054,17.28135,9.314403,0.2610963,-0.05773733,-0.09821738,2.756649
-7.415128,22.63496,,,,,,,,53,,,,-47.73895,-52.69159,7.97748,0.128897,0.1261273,-0.2098571,2.751074
-7.625472,22.6832,,,,,,,,53.2,,,,43.6281,-40.24749,10.1586,-0.2159291,0.0994957,0.2997654,2.750869
-7.835127,22.73211,,,,,,,,53.4,,,,7.413406,3.122997,4.966053,0.2229598,-0.05656554,-0.2049569,2.750918
-8.045373,22.75335,,,,,,,,53.6,,,,-36.86304,17.51359,7.433996,0.09619338,-0.1316667,-0.05571333,2.747118
-8.24774,22.7611,,,,,,,,53.8,,,,51.48922,24.54823,2.635537,0.2741991,-0.2028264,0.104822,2.74469
-8.454171,22.75504,,,,,,,,54,,,,6.189969,-25.25548,10.28022,0.1717206,0.1478587,-0.380832,2.748443
-8.671448,22.73014,,,,,,,,54.2,,,,-17.91821,-20.38088,12.3967,0.2622681,-0.3636813,0.2759035,2.757523
-8.8763,22.70247,,,,,,,,54.4,,,,-8.661264,-5.729804,15.76582,-0.3617638,0.0870321,0.4491155,2.763525
-9.067933,22.68807,,,,,,,,54.6,,,,-11.31021,39.87064,5.874892,0.5399826,-0.3067962,-0.3255448,2.76547
-9.258446,22.67896,,,,,,,,54.8,,,,-72.76889,-13.63642,16.51903,0.1412541,-0.06157228,-0.1532916,2.766962
-9.447522,22.67295,,,,,,,,55,,,,6.890991,3.349009,20.66914,-0.465414,0.1332646,0.7708253,2.771971
-9.641973,22.67436,,,,,,,,55.2,,,,13.34001,-12.97226,8.773313,0.2426672,-0.2992328,-0.4770254,2.770748
-9.849024,22.68785,,,,,,,,55.4,,,,-20.99188,-21.12931,-10.67,0.06508765,0.2647182,-0.1505219,2.762049
-10.05404,22.70613,,,,,,,,55.6,,,,12.25448,9.504024,8.678502,-0.06018744,0.1607484,0.2341451,2.767737
-10.25704,22.72419,,,,,,,,55.8,,,,-46.37569,1.296221,9.066842,0.03323625,-0.09012137,-0.06178534,2.787751
-10.46484,22.72663,,,,,,,,56,,,,6.67264,-35.72532,9.901461,-0.1469,0.3377953,0.3677293,2.779835
-10.67634,22.72506,,,,,,,,56.2,,,,-3.80295,-11.91929,10.45979,-0.1740642,0.3058374,0.3675162,2.771249
-10.89549,22.72291,,,,,,,,56.4,,,,11.84412,10.92857,6.062119,0.03749731,0.0829841,0.1989914,2.768395
-11.12762,22.72776,,,,,,,,56.6,,,,3.130179,-27.09949,7.276458,0.302109,-0.217527,-0.6133792,2.766494
-11.368,22.74125,,,,,,,,56.8,,,,-49.59828,24.96051,15.01356,0.3425891,-0.1300688,-0.2262622,2.769987
-11.60466,22.76024,,,,,,,,57,,,,-19.07461,2.490449,3.525702,0.01257012,-0.07723168,-0.3089267,2.772001
-11.82513,22.78012,,,,,,,,57.2,,,,23.43445,6.430826,12.11945,0.1737446,-0.112918,0.5281581,2.774516
-12.02794,22.79642,,,,,,,,57.4,,,,-19.19144,28.71366,8.525752,0.2677009,-0.01747034,0.04303668,2.769376
-12.21907,22.80804,,,,,,,,57.6,,,,-14.25603,-2.308011,9.997229,0.1234642,0.08149273,-0.2568353,2.772541
-12.39933,22.82653,,,,,,,,57.8,,,,9.671139,-29.19538,9.275138,0.2017611,-0.1856756,-0.5397695,2.7794
-12.56699,22.84235,,,,,,,,58,,,,50.19061,20.73475,4.847301,-0.03217098,0.05805691,0.08990832,2.789447
-12.73738,22.85347,,,,,,,,58.2,,,,-43.70232,-21.1566,14.68077,0.06764429,-0.3456783,-0.1407214,2.802979
-12.9119,22.86252,,,,,,,,58.4,,,,20.52884,34.18298,0.3160346,0.3979828,-0.2625877,-0.3448261,2.814376
-13.09428,22.87956,,,,,,,,58.6,,,,8.845617,3.640144,13.66802,-0.08575379,0.2475675,0.6388391,2.827868
-13.26904,22.90677,,,,,,,,58.8,,,,-21.39554,6.382463,15.1687,-0.2846387,0.05454154,0.5956959,2.847952
-13.46173,22.94302,,,,,,,,59,,,,59.01899,20.15535,9.872252,-0.06274407,0.2092179,0.03057309,2.856179
-13.65197,22.99738,,,,,,,,59.2,,,,-63.68385,11.8853,11.9102,0.1508414,0.09523464,-0.2345712,2.861784
-13.84229,23.0571,,,,,,,,59.4,,,,2.144726,-2.5436,13.83944,0.0592287,-0.006924219,0.03110572,2.877927
-14.03852,23.10579,,,,,,,,59.6,,,,-31.0188,35.95804,-0.8116344,0.2028264,-0.2613094,-0.2684467,2.896643
-14.23074,23.14008,,,,,,,,59.8,,,,-55.28643,14.25077,4.105577,0.4377172,-0.1520132,-0.1006675,2.906777
-14.42997,23.17452,,,,,,,,60,,,,76.93385,-13.85668,9.16692,-0.3200054,0.1170726,0.6197708,2.90799
-14.83078,23.22696,,,,,,,,60.2,,,,-3.096182,-18.36736,17.96896,0.06263755,-0.1125984,0.4163053,2.908182
-15.03915,23.24016,,,,,,,,60.4,,,,-28.41151,-15.47708,8.863335,-0.2284992,0.4038418,0.008948221,2.906094
-15.25051,23.25395,,,,,,,,60.6,,,,55.00679,17.13387,10.23713,0.04048005,-0.03696468,0.380832,2.897366
-15.46292,23.25693,,,,,,,,60.8,,,,-49.45463,9.591651,18.92521,0.132945,0.06828345,-0.2429868,2.894618
-15.66493,23.25226,,,,,,,,61,,,,-30.00653,10.88356,11.61044,0.04729774,-0.03291667,-0.3643204,2.893783
-15.87414,23.24776,,,,,,,,61.2,,,,-41.40341,14.16458,5.733634,0.4097007,-0.2449043,-0.4956675,2.892209
-16.08445,23.24452,,,,,,,,61.4,,,,-39.35493,25.16881,7.781156,0.3838148,-0.05177185,-0.4216317,2.892828
-16.28678,23.246,,,,,,,,61.6,,,,-46.00985,-5.95821,11.52042,0.1243164,0.02535329,0.1033306,2.890217
-16.48614,23.25901,,,,,,,,61.8,,,,15.54986,15.53693,-0.92081,0.2304167,0.002876214,-0.04378237,2.884221
-16.68697,23.27782,,,,,,,,62,,,,32.09715,-19.42081,21.49227,-0.1064199,-0.01374191,0.2843191,2.875111
-16.88893,23.30681,,,,,,,,62.2,,,,30.10709,-13.92755,7.511569,0.2886867,-0.06998787,-0.2714294,2.861848
-17.09139,23.34096,,,,,,,,62.4,,,,44.02506,-15.85345,12.48864,-0.4279167,0.4003264,0.3172357,2.852394
-17.30145,23.37021,,,,,,,,62.6,,,,-39.78205,-4.41395,10.40855,0.03057309,0.2632268,-0.1363539,2.848313
-17.51809,23.39112,,,,,,,,62.8,,,,16.91168,11.38826,9.300037,0.03270362,0.1375256,0.1449825,2.845966
-17.7347,23.40498,,,,,,,,63,,,,-4.786967,13.61343,10.11885,0.09022789,0.007669904,-0.1595766,2.84191
-17.94296,23.41863,,,,,,,,63.2,,,,-68.92188,33.36607,11.78905,0.1459412,-0.06679208,-0.3630421,2.835663
-18.14334,23.42526,,,,,,,,63.4,,,,14.35132,-9.841605,19.41506,-0.1689509,-0.09150621,0.7300257,2.83063
-18.3446,23.42413,,,,,,,,63.6,,,,-0.5616797,6.140648,6.613264,-0.1749164,0.1962217,0.1578722,2.832837
-18.54886,23.42282,,,,,,,,63.8,,,,-31.73179,7.480923,5.415684,0.467225,-0.112918,-0.1276187,2.837813
-18.74723,23.41593,,,,,,,,64,,,,-10.27496,9.053913,1.47818,0.4263188,-0.1576591,-0.6117814,2.83982
-18.94339,23.40681,,,,,,,,64.2,,,,-2.435382,-10.77917,2.661395,0.3381149,0.04846953,0.3086071,2.844531
-19.13385,23.39739,,,,,,,,64.4,,,,24.27481,2.363556,19.96668,-0.07115967,-0.15702,0.4082093,2.852216
-19.31646,23.38272,,,,,,,,64.6,,,,65.90088,20.59684,-1.545697,-0.1608549,0.0479369,-0.05848302,2.856267
-19.49917,23.37303,,,,,,,,64.8,,,,-2.404257,-26.4181,2.034114,-0.1407214,0.07755125,-0.05837649,2.857979
-19.67154,23.37499,,,,,,,,65,,,,-10.87207,5.370194,12.43213,-0.07392935,-0.2192314,0.4095942,2.865137
-19.85331,23.38033,,,,,,,,65.2,,,,39.69443,-37.82504,9.811439,-0.2100701,0.2197641,0.3700729,2.875467
-20.033,23.39623,,,,,,,,65.4,,,,3.029144,-13.21312,3.486915,-0.0737163,0.1102549,0.2045308,2.877524
-20.21763,23.41574,,,,,,,,65.6,,,,23.16917,-30.11475,10.18733,0.09289106,0.08032094,-0.4247209,2.875342
-20.41352,23.44495,,,,,,,,65.8,,,,75.24354,0.512838,9.778399,-0.16714,0.1976065,0.08916263,2.869897
-20.61252,23.47918,,,,,,,,66,,,,-66.16616,-1.249295,14.87709,-0.01054612,0.07861651,-0.04644553,2.86531
-20.81567,23.51752,,,,,,,,66.2,,,,9.923488,-7.31668,5.044583,-0.3789146,0.334493,-0.007669904,2.85532
-21.0204,23.56435,,,,,,,,66.4,,,,-17.9048,-18.94675,8.913135,0.01235707,-0.03824299,-0.1272991,2.843596
-21.21508,23.60373,,,,,,,,66.6,,,,13.54208,-3.831202,10.67335,0.3397128,-0.04719121,-0.7505853,2.834284
-21.40096,23.62589,,,,,,,,66.8,,,,-32.05597,32.17855,9.695081,0.09097359,-0.1325189,0.5504221,2.828455
-21.55192,23.67409,,,,,,,,67,,,,-11.32553,-15.12705,2.164358,0.4099137,-0.3856257,0.8391088,2.825495
-21.63551,23.76902,,,,,,,,67.2,,,,15.16631,-16.57793,10.18015,0.1293231,-0.4244013,0.4123639,2.814786
-21.66845,23.91885,,,,,,,,67.4,,,,-9.389101,-12.18361,3.27431,0.07882957,0.2181662,0.6059224,2.808496
-21.66425,24.0838,,,,,,,,67.6,,,,3.710055,37.3122,-0.02394202,0.4424043,0.3962784,0.3899933,2.803598
-21.64888,24.24782,,,,,,,,67.8,,,,2.599624,18.66041,2.022143,0.2715359,0.1649029,0.5055745,2.803589
-21.62991,24.41504,,,,,,,,68,,,,46.97472,5.14466,7.761523,-0.1636246,-0.1686314,1.177011,2.795548
-21.6181,24.60728,,,,,,,,68.2,,,,-0.215957,-31.0528,9.800904,0.01502023,0.2829342,0.4944957,2.803154
-21.64243,24.80546,,,,,,,,68.4,,,,14.88284,4.652413,4.144842,0.4236557,0.01938781,0.6179599,2.818659
-21.67615,25.00803,,,,,,,,68.6,,,,22.40494,-17.572,15.76773,0.02950783,-0.01107875,0.5086638,2.828571
-21.7191,25.22619,,,,,,,,68.8,,,,-11.67078,5.18632,17.28566,0.1980327,0.01182444,0.07904262,2.824981
-21.78624,25.44689,,,,,,,,69,,,,21.54159,28.14193,10.43585,-0.07510114,-0.06934872,-0.02183792,2.817387
-21.86812,25.67171,,,,,,,,69.2,,,,-22.81387,22.80381,6.728664,0.6903979,-0.6229666,-0.5044027,2.819099
-21.95771,25.88408,,,,,,,,69.4,,,,-36.71844,-4.982334,-0.1517924,0.6359628,-0.5400891,-0.3843474,2.823197
-22.05079,26.09948,,,,,,,,69.6,,,,-18.03839,-5.031176,19.90731,-0.4547614,0.04474111,0.139017,2.823295
-22.13883,26.32102,,,,,,,,69.8,,,,15.47803,-18.66855,1.494461,-0.4621117,0.002876214,0.1990979,2.821955
-22.21364,26.53726,,,,,,,,70,,,,28.26451,27.21681,10.46984,-0.002769687,0.2389388,-0.04111921,2.824063
-22.28428,26.74431,,,,,,,,70.2,,,,-2.140416,18.36113,-0.05650316,0.4554006,-0.2435195,-0.4726578,2.834681
-22.34027,26.95786,,,,,,,,70.4,,,,9.867942,19.65113,7.630321,0.003834952,0.1679922,0.416838,2.843259
-22.38667,27.15534,,,,,,,,70.6,,,,80.56154,-26.05849,16.75606,0.02854909,0.1865278,0.2188053,2.853408
-22.41712,27.34358,,,,,,,,70.8,,,,-88.09274,2.020706,8.136934,0.2240251,-0.08191884,-0.3457848,2.859999
-22.42994,27.52608,,,,,,,,71,,,,-4.457046,-15.79934,-1.799961,0.4740427,-0.2449043,-0.5046158,2.86071
-22.43356,27.70179,,,,,,,,71.2,,,,76.62116,-24.20299,32.58939,-0.6296778,0.2486327,0.5495699,2.864808
-22.43,27.8752,,,,,,,,71.4,,,,32.85228,57.99523,9.307698,-0.7615575,0.4657336,0.4134291,2.872506
-22.41669,28.05145,,,,,,,,71.6,,,,37.12688,-38.13868,14.18756,0.08245147,-0.141041,-0.04058658,2.883611
-22.388,28.22813,,,,,,,,71.8,,,,-22.958,55.09681,-10.44207,-0.4198207,0.4603008,0.3948935,2.892147
-22.36839,28.40109,,,,,,,,72,,,,-3.40647,-15.66526,-3.131137,0.1747034,-0.223599,-0.1465804,2.888577
-22.33319,28.58637,,,,,,,,72.2,,,,-11.74595,27.65064,0.7431602,-0.4641357,0.3614442,0.1286839,2.883286
-22.31779,28.78544,,,,,,,,72.4,,,,-36.34877,22.98577,-9.134837,0.690824,-0.3592072,-0.5949502,2.878054
-22.319,28.98439,,,,,,,,72.6,,,,-25.36705,17.43458,3.899676,0.5045092,-0.1101483,-0.3008307,2.871846
-22.33228,29.20479,,,,,,,,72.8,,,,-11.62241,9.889969,16.98159,-0.241602,0.1135572,0.5483981,2.875905
-22.33789,29.42118,,,,,,,,73,,,,47.16482,23.31186,21.2495,0.6094378,-0.1164334,-0.1832255,2.882459
-22.3441,29.62951,,,,,,,,73.2,,,,43.48014,46.83921,-6.29292,0.4019243,-0.07062703,-0.4958806,2.879736
-22.3575,29.82755,,,,,,,,73.4,,,,22.52896,-6.120537,4.699818,-0.3687946,0.2319081,0.4298342,2.871321
-22.3602,30.01933,,,,,,,,73.6,,,,-18.79592,-7.561368,21.1475,0.5078115,-0.4425108,-0.6240319,2.875839
-22.36009,30.21247,,,,,,,,73.8,,,,-78.79557,-19.42464,10.1088,0.09938917,0.1579787,-0.005645901,2.871597
-22.36018,30.41289,,,,,,,,74,,,,71.88255,-5.360139,22.82057,-0.2985936,0.1996306,0.3229882,2.861737
-22.34589,30.61532,,,,,,,,74.2,,,,-69.73256,-0.03495535,16.50371,0.3847735,-0.4908738,-0.5697034,2.852433
-22.34072,30.81647,,,,,,,,74.4,,,,-85.6631,5.224627,7.979874,-0.000852212,0.03067962,-0.1185639,2.839456
-22.33316,31.02757,,,,,,,,74.6,,,,20.57385,-1.45328,9.920614,0.3764645,-0.2996589,-0.2535329,2.8241
-22.33262,31.24206,,,,,,,,74.8,,,,38.89045,52.3339,-2.334347,0.6981743,-0.05645902,-0.4960937,2.815606
-22.33998,31.45757,,,,,,,,75,,,,35.85987,2.491885,5.474582,-0.127086,0.1800297,0.1646899,2.817743
-22.35495,31.6729,,,,,,,,75.2,,,,7.932948,10.17679,18.59576,-0.09928264,0.1152616,0.5393434,2.819309
-22.36008,31.88441,,,,,,,,75.4,,,,6.921158,-24.36579,16.57314,0.3760383,-0.06412892,-0.3204315,2.820473
-22.37302,32.09015,,,,,,,,75.6,,,,40.09378,37.78769,7.559453,-0.3761449,0.3643204,0.1796036,2.823561
-22.39961,32.29694,,,,,,,,75.8,,,,50.24759,-22.7995,3.907337,0.3919108,-0.03749731,-0.3633617,2.825857
-22.42738,32.49886,,,,,,,,76,,,,21.21694,52.51155,9.170272,0.0201335,-0.1982457,0.322349,2.830195
-22.44371,32.689,,,,,,,,76.2,,,,48.58218,-6.726749,15.21946,-0.01150486,-0.05550028,-0.02673814,2.829235
-22.46442,32.87308,,,,,,,,76.4,,,,-11.37629,-23.54075,7.12275,0.1528655,-0.1145159,-0.3256513,2.835005
-22.49227,33.05078,,,,,,,,76.6,,,,-28.34017,24.71822,0.422816,0.03185141,-0.100774,-0.2566222,2.83827
-22.50574,33.23122,,,,,,,,76.8,,,,-67.26031,0.9562442,4.740998,-0.06668556,-0.1116397,0.05294364,2.84095
-22.49376,33.41549,,,,,,,,77,,,,-51.0463,8.520964,-1.008438,0.5776929,-0.07829694,-0.4517787,2.837623
-22.49213,33.59636,,,,,,,,77.2,,,,-14.43177,-18.82417,15.66813,0.1469,-0.04708469,-0.3275688,2.831376
-22.49845,33.77798,,,,,,,,77.4,,,,33.91818,9.361329,5.356308,-0.4661597,0.3237339,0.2551308,2.829384
-22.51169,33.96515,,,,,,,,77.6,,,,7.64708,12.89086,7.01118,0.6689861,-0.2343582,-0.1863147,2.838338
-22.5178,34.14835,,,,,,,,77.8,,,,-58.02491,37.23367,-2.202187,0.1487109,-0.3095658,-0.3719904,2.850701
-22.53335,34.32324,,,,,,,,78,,,,-93.72964,-26.44061,17.5471,-0.01150486,0.07691209,0.01406149,2.850217
-22.55407,34.50998,,,,,,,,78.2,,,,-17.67112,-2.562753,4.705085,0.2532133,-0.1841842,-0.3742274,2.85113
-22.59419,34.69547,,,,,,,,78.4,,,,-1.448492,-0.8848969,4.468059,-0.2882605,0.2465022,0.4600877,2.857076
-22.63138,34.86953,,,,,,,,78.6,,,,35.22062,2.326685,16.94281,-0.404694,0.2109224,0.4937501,2.859224
-22.66115,35.03189,,,,,,,,78.8,,,,-26.36543,-8.522401,17.92635,0.2148638,-0.4002199,-0.2761165,2.86646
-22.69243,35.20208,,,,,,,,79,,,,-18.93861,-24.5784,5.087679,0.2551308,-0.04665858,-0.1348625,2.857794
-22.72594,35.38377,,,,,,,,79.2,,,,63.46837,-2.269224,14.73775,-0.4578507,0.1249555,0.5559615,2.851611
-22.7635,35.56825,,,,,,,,79.4,,,,-63.71162,-26.50381,9.640971,0.1242098,-0.09811085,-0.155209,2.843752
-22.79878,35.74656,,,,,,,,79.6,,,,-87.89785,-21.48461,14.30631,0.3139334,-0.1168595,-0.143065,2.839775
-22.82313,35.92326,,,,,,,,79.8,,,,65.85922,11.19433,19.35999,-0.5725796,0.2678075,0.2913498,2.837227
-22.83544,36.09771,,,,,,,,80,,,,-66.13072,-45.26909,5.038837,0.2588592,-0.106846,-0.1921737,2.83775
-22.84733,36.27293,,,,,,,,80.2,,,,-17.52364,-0.78865,3.121081,-0.09235843,0.07382283,-0.2653574,2.831419
-22.86209,36.46333,,,,,,,,80.4,,,,17.10992,-13.77528,7.295133,0.4363323,-0.2654639,-0.4386759,2.831822
-22.86205,36.64871,,,,,,,,80.6,,,,26.69918,-27.91065,15.08922,0.1988849,0.06551376,-0.1488174,2.833973
-22.85895,36.83553,,,,,,,,80.8,,,,6.575914,13.906,1.846887,0.4485829,-0.1275122,-0.5513809,2.835633
-22.85594,37.02016,,,,,,,,81,,,,-34.25959,-17.35509,-1.326388,0.03611246,0.05773733,0.2930543,2.828755
-22.84727,37.21066,,,,,,,,81.2,,,,39.69634,1.777934,17.46714,-0.05848302,-0.03536678,-0.04165184,2.826024
-22.84189,37.40976,,,,,,,,81.4,,,,-16.98255,-6.775591,-0.04453215,0.5570268,-0.08735169,-0.5645902,2.824607
-22.8442,37.61783,,,,,,,,81.6,,,,-47.59817,2.228044,8.58034,-0.08575379,0.2427738,0.3756122,2.823037
-22.84751,37.83561,,,,,,,,81.8,,,,-10.30464,-11.34804,19.74402,-0.09832391,-0.08202536,-0.2113485,2.814686
-22.85439,38.04655,,,,,,,,82,,,,-29.79632,-0.4242525,7.521145,-0.2704706,0.09438243,-0.06945524,2.808146
-22.86616,38.25912,,,,,,,,82.2,,,,8.139328,14.15691,6.613264,0.1105744,0.08777779,-0.04367584,2.798033
-22.87767,38.47577,,,,,,,,82.4,,,,24.49891,4.08786,19.44762,-0.2566222,-0.07904262,0.1736381,2.791721
-22.88444,38.68974,,,,,,,,82.6,,,,-8.741231,-12.11275,3.944687,0.1337972,0.03334278,-0.1182443,2.790731
-22.88853,38.89589,,,,,,,,82.8,,,,-82.97968,-17.32732,10.67239,0.140828,-0.1976065,-0.2092179,2.793491
-22.88702,39.08953,,,,,,,,83,,,,-6.057331,-2.256296,10.61206,-0.3140399,0.3847735,0.5823801,2.792052
-22.88979,39.28588,,,,,,,,83.2,,,,7.237193,31.25918,2.669535,-0.1526524,0.1947303,0.3209642,2.792121
-22.89681,39.46517,,,,,,,,83.4,,,,36.62746,-1.18082,20.82716,-0.5329518,0.06934872,0.670584,2.789227
-22.91206,39.65409,,,,,,,,83.6,,,,-1.066856,4.608359,8.3821,-0.1045024,-0.03483415,0.09470201,2.779637
-22.92163,39.8533,,,,,,,,83.8,,,,-4.667257,19.82878,-4.57101,0.6061355,-0.06732471,-0.3772101,2.783156
-22.93551,40.0515,,,,,,,,84,,,,29.38164,-12.65719,8.953835,0.3244796,-0.01012001,-0.08735169,2.788952
-22.94209,40.25133,,,,,,,,84.2,,,,-62.83535,-57.59827,9.473377,0.04516721,-0.05198491,-0.06008092,2.787355
-22.94626,40.45074,,,,,,,,84.4,,,,-34.31992,-18.78012,8.164227,0.05422196,0.2515089,0.1822667,2.787872
-22.95916,40.63249,,,,,,,,84.6,,,,-16.13022,8.760863,12.78599,0.4093811,-0.02535329,-0.03046656,2.782193
-22.97111,40.80026,,,,,,,,84.8,,,,16.61001,33.54085,11.67221,0.1262338,-0.209644,-0.1785383,2.777234
-22.98661,40.95521,,,,,,,,85,,,,44.73087,25.96368,6.131072,-0.2269013,0.3368366,0.1670335,2.787345
-23.00068,41.08441,,,,,,,,85.2,,,,20.15966,14.2795,19.32983,-0.0438889,0.2542786,0.2062352,2.84686
-22.99442,41.18848,,,,,,,,85.4,,,,-30.58305,-16.1532,6.071217,-0.08681905,0.03163835,0.1513741,2.974877
-22.98231,41.27591,,,,,,,,85.6,,,,35.63578,7.907091,22.57541,-0.2609898,0.2280731,0.1584048,3.186826
-22.97107,41.35044,,,,,,,,85.8,,,,60.54362,19.08801,11.35714,-0.433243,0.32416,0.2591788,3.451381
-22.9577,41.42123,,,,,,,,86,,,,11.51898,33.90429,11.41364,-0.3196858,0.2139051,0.5383847,3.743366
-22.93409,41.4847,,,,,,,,86.2,,,,-31.58623,-8.644026,13.81837,0.2097506,-0.02535329,0.03312973,4.044462
-22.91379,41.52137,,,,,,,,86.4,,,,-12.28656,-20.90521,-5.033091,-0.05869607,0.3604855,-0.0608266,4.337928
-22.9028,41.55482,,,,,,,,86.6,,,,76.30991,21.10154,13.03595,-0.6760168,0.4770254,0.7342868,4.604157
-22.8946,41.5852,,,,,,,,86.8,,,,-16.0627,12.96269,-3.827371,0.3420564,-0.1170726,-0.4005394,4.842498
-22.88975,41.61195,,,,,,,,87,,,,-2.557965,-29.01964,9.1832,0.0475108,0.07392935,-0.3091397,5.064505
-22.88126,41.644,,,,,,,,87.2,,,,-38.79229,-5.931396,9.512642,0.3674097,-0.01416802,-0.4375041,5.281454
-22.88001,41.65989,,,,,,,,87.4,,,,-52.41051,-14.33744,-0.1321599,0.1254881,0.04740427,0.2525742,5.489986
-22.87527,41.67074,,,,,,,,87.6,,,,41.28226,-38.87609,14.7976,-0.4842692,0.09683254,0.5678925,5.677994
-22.87957,41.68367,,,,,,,,87.8,,,,22.38866,-23.46797,17.5155,-0.4723383,0.2472479,0.6881608,5.841836
-22.885,41.69712,,,,,,,,88,,,,53.89587,12.38951,16.08042,-0.3195793,0.1500958,0.4833105,5.983245
-22.88929,41.69652,,,,,,,,88.2,,,,-61.8882,15.14476,10.80024,0.3959588,-0.2028264,-0.6977482,6.105036
-22.88704,41.69517,,,,,,,,88.4,,,,26.9793,14.49258,15.91378,-0.07829694,-0.01150486,0.5896239,6.210365
-22.86596,41.6752,,,,,,,,88.6,,,,66.60957,-1.295263,18.25723,-0.1543568,-0.4355866,1.31166,6.300116
-22.78475,41.62108,,,,,,,,88.8,,,,-0.4453215,21.72977,13.56459,-0.3854127,-0.2390453,1.021163,6.374695
-22.63161,41.54408,,,,,,,,89,,,,19.1426,18.10878,9.079771,-0.8305867,0.02162487,1.156238,6.418842
-22.39391,41.44635,,,,,,,,89.2,,,,-53.79532,23.5283,-0.1058237,0.2159291,-0.08287758,0.3502589,6.432025
-22.08015,41.36396,,,,,,,,89.4,,,,33.90046,-3.864242,18.18253,-0.3454653,0.5053614,1.2764,6.420843
-21.69788,41.2966,,,,,,,,89.6,,,,-49.47235,19.31115,5.014416,0.1098288,0.5527657,1.194268,6.390738
-21.28452,41.24757,,,,,,,,89.8,,,,-75.65917,-27.0066,19.85128,0.5980394,0.2315885,0.6977482,6.363545
-20.87247,41.21526,,,,,,,,90,,,,48.3284,-20.52166,12.00357,1.019991,0.2421346,0.2590723,6.350986
-20.45648,41.19693,,,,,,,,90.2,,,,-24.97057,-25.20185,-0.08858547,-0.0850081,-0.1089766,0.5493569,6.339479
-20.06474,41.20388,,,,,,,,90.4,,,,34.86532,-2.416707,26.79495,-0.4792625,0.1038633,0.2993393,6.315389
-19.67234,41.24702,,,,,,,,90.6,,,,-4.978024,43.71525,13.15901,-0.1295362,0.08266452,-0.04665858,6.28768
-19.27446,41.32159,,,,,,,,90.8,,,,10.50432,18.74899,5.695806,-0.3578223,0.1559547,0.4663728,6.263951
-18.8792,41.42349,,,,,,,,91,,,,28.00258,26.78777,12.68065,-0.2142247,0.2586462,0.4838431,6.251054
-18.49945,41.53693,,,,,,,,91.2,,,,7.957848,33.71228,10.86154,-0.138804,0.4224839,0.4172641,6.246167
-18.13156,41.64706,,,,,,,,91.4,,,,31.97265,12.30045,2.238579,-0.4785168,0.00181095,0.7218232,6.249855
-17.77303,41.75085,,,,,,,,91.6,,,,24.99355,-47.783,23.83524,-0.3268231,-0.112918,0.4389955,6.259234
-17.42393,41.85601,,,,,,,,91.8,,,,-22.66256,28.98612,-6.417418,0.509516,-0.2848517,-0.3895672,6.278157
-17.08568,41.93833,,,,,,,,92,,,,38.13437,-7.041826,26.75089,0.2239186,-0.2407498,-0.5528722,6.28813
-16.75619,41.99763,,,,,,,,92.2,,,,-19.18139,-10.77439,2.057098,0.4248275,-0.07478157,-0.6689861,6.297435
-16.43908,42.04834,,,,,,,,92.4,,,,-23.29798,-12.08832,-5.804982,-0.3126551,0.1840777,0.215716,6.31672
-16.12822,42.09285,,,,,,,,92.6,,,,-38.98526,8.619605,7.682515,0.4313256,-0.1988849,-0.4743623,6.334599
-15.81689,42.12199,,,,,,,,92.8,,,,-3.897282,-30.61514,7.94444,-0.5271994,-0.006711166,0.110894,6.356797
-15.50521,42.137,,,,,,,,93,,,,31.18304,24.6416,-0.944752,0.03270362,0.1910019,-0.01406149,6.381907
-15.19045,42.14455,,,,,,,,93.2,,,,-43.41933,-4.158249,4.69886,0.08117315,0.01075917,-0.3401389,6.404919
-14.88236,42.14286,,,,,,,,93.4,,,,1.945528,18.07335,17.09077,0.2571548,-0.08479505,0.01097222,6.430665
-14.57803,42.13717,,,,,,,,93.6,,,,20.8511,38.45902,7.735187,-0.2824016,0.3879693,0.4399542,6.45097
-14.26784,42.12004,,,,,,,,93.8,,,,-30.89765,-3.345179,-4.383305,0.2606702,-0.2582201,-0.509729,6.469238
-13.94698,42.09531,,,,,,,,94,,,,-43.25413,-20.24202,-0.2092532,-0.1239968,0.2567287,-0.1304949,6.478937
-13.62554,42.06643,,,,,,,,94.2,,,,-19.88672,-10.8826,11.89918,0.5355085,-0.2462891,-0.3527091,6.48062
-13.29202,42.04145,,,,,,,,94.4,,,,41.81569,-13.2452,18.63024,-0.1986718,0.1582983,0.1756621,6.48657
-12.94007,42.01712,,,,,,,,94.6,,,,6.467218,28.67631,-3.347094,0.4938566,-0.1083374,0.0572047,6.486811
-12.5624,42.00607,,,,,,,,94.8,,,,42.05224,-15.65808,8.191522,0.0850081,0.003941478,-0.1404019,6.473576
-12.1538,41.99977,,,,,,,,95,,,,33.51403,14.22156,-0.7704541,0.2731338,0.0205596,0.04111921,6.458503
-11.74978,41.9898,,,,,,,,95.2,,,,39.07577,1.803313,13.27585,-0.4716991,0.3904194,0.3778493,6.458022
-11.34008,41.97286,,,,,,,,95.4,,,,7.665276,37.07709,16.09765,0.0334493,0.1010936,0.2402171,6.460504
-10.9348,41.95269,,,,,,,,95.6,,,,56.32503,4.371812,12.20037,-0.05603291,0.199311,0.2604572,6.462802
-10.53242,41.91773,,,,,,,,95.8,,,,-6.176083,7.386591,5.799714,-0.1536111,0.199311,0.388715,6.467559
-10.13656,41.87785,,,,,,,,96,,,,-77.27525,22.80429,6.60656,0.2545982,0.008948221,-0.3106311,6.469128
-9.750804,41.84476,,,,,,,,96.2,,,,8.724471,-2.681027,0.8010999,-0.3281015,0.3167031,0.3328951,6.476974
-9.379435,41.82418,,,,,,,,96.4,,,,37.67181,10.53449,9.446083,-0.2128398,-0.06956176,0.1931324,6.491321
-9.006974,41.81294,,,,,,,,96.6,,,,44.97604,4.922957,16.92078,-0.3314038,0.08820389,0.4196077,6.508245
-8.634905,41.82061,,,,,,,,96.8,,,,6.688442,32.81397,10.31853,-0.04037352,0.2453304,0.2947587,6.523375
-8.264132,41.83494,,,,,,,,97,,,,30.90196,-0.2303222,15.54507,0.0201335,0.1869539,0.4838431,6.534521
-7.90028,41.86041,,,,,,,,97.2,,,,-16.13931,-14.06689,-5.626374,0.326397,-0.002024002,-0.2979545,6.540454
-7.521338,41.88475,,,,,,,,97.4,,,,-0.06033389,-34.35823,2.732263,0.3546265,-0.1536111,-0.2678075,6.547758
-7.126426,41.90688,,,,,,,,97.6,,,,-41.77116,-24.20921,13.12406,-0.2103897,-0.009161274,-0.005326322,6.559886
-6.723464,41.92906,,,,,,,,97.8,,,,8.765652,36.34925,19.24699,0.1165399,-0.1686314,-0.006498113,6.570206
-6.308976,41.94373,,,,,,,,98,,,,38.85406,-5.450161,7.00304,0.2680205,-0.1290035,-0.1120658,6.572749
-5.892885,41.9497,,,,,,,,98.2,,,,13.26053,-18.32522,12.22096,-0.4925783,0.2128398,0.2332929,6.574892
-5.487943,41.96043,,,,,,,,98.4,,,,14.95945,5.420951,14.92066,0.07787083,0.1056742,0.09491506,6.57118
-5.092099,41.96975,,,,,,,,98.6,,,,56.01666,-3.459621,17.16978,-0.4149205,0.2339321,0.07701862,6.56604
-4.695485,41.98217,,,,,,,,98.8,,,,-14.70423,-6.075526,5.690539,0.4893825,-0.143065,-0.4296212,6.562692
-4.296254,41.99371,,,,,,,,99,,,,-57.75389,-14.25795,8.842266,0.2837864,-0.2340386,-0.07968178,6.555253
-3.887563,42.00624,,,,,,,,99.2,,,,30.70181,-5.787264,6.560592,0.1522263,0.0169377,-0.1113201,6.549398
-3.465057,42.02046,,,,,,,,99.4,,,,6.232107,-3.05979,0.5616797,0.2681271,-0.1694836,-0.03515373,6.552135
-3.045368,42.03337,,,,,,,,99.6,,,,-7.131848,-41.42304,14.2771,-0.008628642,-0.2646117,-0.340352,6.56281
-2.624797,42.02484,,,,,,,,99.8,,,,55.14756,5.172912,22.28284,-0.3316168,0.2508698,0.4184359,6.583538
-2.221768,42.00007,,,,,,,,100,,,,37.34859,-24.31839,9.729557,-0.06274407,0.1587244,0.04442153,6.60275
-1.819484,41.97353,,,,,,,,100.2,,,,28.63896,-18.90749,10.71022,0.2264752,0.1930259,-0.2223207,6.60743
-1.416313,41.95387,,,,,,,,100.4,,,,15.58482,-38.79948,5.455428,0.3897803,0.04058658,-0.239791,6.614695
-1.014232,41.94329,,,,,,,,100.6,,,,-30.25888,-14.24789,3.922181,-0.08735169,0.1368865,0.2505502,6.632585
-0.6118944,41.93851,,,,,,,,100.8,,,,-7.749552,25.56385,-0.6397307,0.66089,-0.2877279,-0.5044027,6.649515
-0.195161,41.93745,,,,,,,,101,,,,8.491755,11.8331,17.76881,0.3401389,0.005539375,0.2909237,6.656635
0.2356814,41.94164,,,,,,,,101.2,,,,14.96568,10.50432,13.84711,0.08085357,0.1655421,0.2353169,6.655276
0.6708413,41.96382,,,,,,,,101.4,,,,-25.73336,-3.052607,5.440105,0.7071226,-0.4216317,-0.3251187,6.656094
1.097784,41.98171,,,,,,,,101.6,,,,-22.58115,-6.930735,5.40946,0.6152967,-0.3974501,-0.5361476,6.653529
1.515164,41.99261,,,,,,,,101.8,,,,-16.23652,11.70382,-1.184172,0.3893541,-0.1805623,-0.1134507,6.653059
1.908698,42.00381,,,,,,,,102,,,,55.23423,12.40867,20.5389,-0.2845321,0.08436894,-0.04420847,6.653603
2.290596,42.01323,,,,,,,,102.2,,,,-89.04611,10.9755,6.530903,-0.1835451,-0.008948221,0.02631203,6.665516
2.660591,42.03603,,,,,,,,102.4,,,,43.60225,24.4357,12.73332,-0.5004612,0.1663943,0.1698032,6.681876
3.006229,42.07705,,,,,,,,102.6,,,,43.34319,-2.107376,20.4891,-0.3983024,0.0386691,0.4708469,6.700985
3.347379,42.12763,,,,,,,,102.8,,,,-50.29452,14.31781,10.00441,0.2020807,-0.3417368,-0.3567571,6.717889
3.695532,42.17179,,,,,,,,103,,,,-29.65075,-39.41,3.579332,-0.1626659,-0.08426242,0.05060006,6.739095
4.045739,42.19518,,,,,,,,103.2,,,,-21.22843,-49.96364,3.590824,0.1526524,0.1635181,-0.3165966,6.758246
4.408992,42.19857,,,,,,,,103.4,,,,-69.07942,14.25316,13.691,0.0834102,-0.2041047,-0.382856,6.762742
4.779206,42.20274,,,,,,,,103.6,,,,-5.07475,43.37815,11.20008,0.3299124,0.1364604,0.0330232,6.771139
5.137321,42.20926,,,,,,,,103.8,,,,22.84212,26.74946,6.164591,-0.3520699,0.1080178,0.289965,6.794502
5.500036,42.20524,,,,,,,,104,,,,17.95125,-3.521392,7.742848,0.09512811,-0.04761732,-0.06317018,6.825358
5.87089,42.17972,,,,,,,,104.2,,,,41.92822,-17.35126,12.59015,0.459342,-0.02918825,-0.3281015,6.843001
6.252523,42.14333,,,,,,,,104.4,,,,-16.56452,2.410003,-1.909136,0.2391519,-0.1274056,-0.1874865,6.871015
6.656941,42.09711,,,,,,,,104.6,,,,6.851248,-8.107245,15.08299,0.2461826,0.02141182,-0.1840777,6.883629
7.057532,42.05033,,,,,,,,104.8,,,,-61.27528,-15.40382,1.638113,0.2566222,0.05006743,-0.1516937,6.889394
7.463527,42.01945,,,,,,,,105,,,,11.20582,42.04457,6.79666,0.5263472,-0.07318367,-0.2705772,6.8983
7.864779,42.00065,,,,,,,,105.2,,,,-27.02479,-8.89446,7.389464,-0.2300971,-0.2844256,-0.1757686,6.909843
8.2737,41.9819,,,,,,,,105.4,,,,-24.6009,26.79016,-6.761226,0.3151052,-0.2287123,-0.4060788,6.912177
8.674231,41.96052,,,,,,,,105.6,,,,-62.77501,-2.954924,5.928522,0.8963135,-0.03877563,-0.8345281,6.901185
9.052103,41.9427,,,,,,,,105.8,,,,-1.594059,-25.8976,14.18756,0.3613377,-0.04527374,-0.3496198,6.88803
9.427736,41.93224,,,,,,,,106,,,,-3.068409,36.43544,12.54849,-0.6107161,0.06711166,0.06998787,6.888408
9.807827,41.94313,,,,,,,,106.2,,,,12.09407,2.826116,12.28369,0.1473261,0.779454,-0.3195793,6.891433
10.13175,42.00624,,,,,,,,106.4,,,,20.14194,-5.659893,15.61307,0.3305516,0.5065333,-0.9252887,6.893736
10.38522,42.13903,,,,,,,,106.6,,,,10.94342,18.49904,7.862558,0.1140898,0.3154248,-1.287905,6.887627
10.58234,42.38247,,,,,,,,106.8,,,,23.36454,-20.87935,8.911697,-0.1748099,0.2599245,-0.8001201,6.859852
10.7286,42.74024,,,,,,,,107,,,,56.13206,4.740041,14.8067,0.7985222,-0.3266101,-1.246999,6.840666
10.83095,43.17141,,,,,,,,107.2,,,,13.56363,-25.96895,10.20121,0.1042894,-0.231482,-0.5556419,6.832644
10.90533,43.6538,,,,,,,,107.4,,,,2.262042,0.4601656,11.08755,0.2498045,-0.2669553,-1.091683,6.825413
10.94682,44.15654,,,,,,,,107.6,,,,-40.17375,-9.941683,21.75707,0.1395496,-0.1710815,-0.7123423,6.805339
10.97241,44.65513,,,,,,,,107.8,,,,44.99902,3.72442,5.489426,0.1223989,0.1151551,-0.3108442,6.771769
10.98858,45.12926,,,,,,,,108,,,,0.01340753,-31.91806,22.89767,-0.1259143,-0.2347843,-0.1595766,6.74785
10.99141,45.58357,,,,,,,,108.2,,,,-53.87193,-1.140598,8.581777,0.000426106,-0.1969674,-0.2037851,6.737359
10.98222,46.01325,,,,,,,,108.4,,,,-24.29109,9.540894,10.65132,0.05241101,0.03067962,0.704779,6.73404
10.9539,46.41693,,,,,,,,108.6,,,,28.78214,5.310818,24.5511,-0.5878129,0.3256513,0.4503938,6.730437
10.92253,46.79811,,,,,,,,108.8,,,,65.42779,11.03392,3.858495,-0.106846,0.2339321,0.04218447,6.72218
10.88922,47.16661,,,,,,,,109,,,,13.53682,5.275384,10.51486,-0.2942261,0.1694836,0.3240534,6.723587
10.85975,47.51987,,,,,,,,109.2,,,,-31.84719,-21.11542,5.61967,0.4685033,-0.1508414,-0.5730057,6.736736
10.84606,47.8694,,,,,,,,109.4,,,,-6.918285,-43.51605,8.663658,0.0386691,-0.1065264,-0.2505502,6.755758
10.84908,48.2108,,,,,,,,109.6,,,,-25.07735,-1.606509,8.428069,0.1099353,0.3339604,0.4534831,6.766501
10.8445,48.56035,,,,,,,,109.8,,,,46.17649,31.68295,-9.226295,0.2943326,-0.2354234,-0.4009655,6.765922
10.83884,48.91819,,,,,,,,110,,,,44.30087,-6.429868,-1.786075,0.04889564,0.1045024,0.006711166,6.767128
10.83559,49.27556,,,,,,,,110.2,,,,27.41217,33.74675,6.635769,-0.2190184,0.1324124,0.3698598,6.779539
10.84554,49.63538,,,,,,,,110.4,,,,0.7982268,9.379045,21.73696,-0.09193232,-0.05379586,0.2545982,6.79146
10.87207,49.99371,,,,,,,,110.6,,,,7.812759,-7.974607,5.584236,-0.03078614,0.1335842,-0.2156095,6.801673
10.90412,50.36045,,,,,,,,110.8,,,,5.601953,-7.120356,5.487989,0.2460761,0.2332929,-0.2044242,6.819054
10.94981,50.72072,,,,,,,,111,,,,-41.72088,-59.29001,10.05852,0.3849866,-0.09310411,-0.1930259,6.8366
11.01487,51.07794,,,,,,,,111.2,,,,-14.90486,-10.92235,12.55184,0.1951564,0.3698598,0.199311,6.847722
11.09101,51.43771,,,,,,,,111.4,,,,45.34953,-20.38998,6.918285,-0.06412892,0.2599245,0.3171292,6.846486
11.17904,51.80629,,,,,,,,111.6,,,,-58.20927,-15.09688,9.40203,0.477558,-0.2071939,-0.4628574,6.837074
11.27507,52.1839,,,,,,,,111.8,,,,12.6342,34.07188,-19.96381,0.7580422,-0.1062069,-0.6292517,6.829752
11.35133,52.57139,,,,,,,,112,,,,-18.81268,7.770621,-2.996104,0.6907175,-0.08916263,-0.8274974,6.831891
11.39826,52.96154,,,,,,,,112.2,,,,-52.85727,15.20797,5.678089,0.1247425,-0.199311,-0.2730273,6.84403
11.43441,53.35521,,,,,,,,112.4,,,,-12.74098,19.10956,7.846757,-0.3195793,0.01821602,0.5359346,6.842705
11.45472,53.75404,,,,,,,,112.6,,,,37.73214,-2.800258,12.74529,-0.4589159,0.3925499,0.3094593,6.834067
11.45488,54.14721,,,,,,,,112.8,,,,43.32356,7.433039,12.18361,0.2507632,-0.05283711,-0.09821738,6.829764
11.43764,54.53937,,,,,,,,113,,,,50.89402,-26.72935,8.919838,0.2988067,0.005326322,-0.2704706,6.828611
11.40098,54.93433,,,,,,,,113.2,,,,42.54066,11.42369,4.41826,0.3768906,-0.07478157,-0.04111921,6.815552
11.36375,55.33766,,,,,,,,113.4,,,,-32.04974,-29.24517,2.042254,-0.006178534,0.05997439,-0.1415736,6.802764
11.33147,55.74249,,,,,,,,113.6,,,,-66.13216,-30.36662,4.46375,0.3526025,-0.5245362,-0.3799798,6.803619
11.30195,56.1637,,,,,,,,113.8,,,,1.629973,39.63697,14.74493,0.1346494,0.1419998,0.1292166,6.798913
11.28215,56.56834,,,,,,,,114,,,,6.995857,-25.92537,7.508217,0.4405934,-0.1906823,-0.3004046,6.798961
11.27365,56.96701,,,,,,,,114.2,,,,13.99698,23.03893,-12.10508,0.5445632,-0.2845321,-0.4337757,6.802015
11.26802,57.35348,,,,,,,,114.4,,,,12.09168,-47.99944,4.409641,0.04644553,0.09012137,0.05486112,6.80235
11.27236,57.7002,,,,,,,,114.6,,,,9.906728,36.29897,14.1641,0.2932673,0.1656486,-0.1558482,6.799083
11.27555,58.01982,,,,,,,,114.8,,,,36.46704,8.971553,8.101021,-0.06828345,0.3520699,0.2821886,6.791922
11.26353,58.30051,,,,,,,,115,,,,-2.557965,-40.23791,5.828444,-0.2574744,0.1751295,0.1437042,6.788663
11.24538,58.55442,,,,,,,,115.2,,,,-15.42249,3.51804,13.89164,0.3171292,-0.4220578,-0.3289537,6.785877
11.22461,58.78548,,,,,,,,115.4,,,,34.33716,-19.20054,11.0818,-0.4290885,0.07755125,0.5551093,6.777733
11.20878,58.97768,,,,,,,,115.6,,,,-25.11278,-6.275681,0.05889736,-0.2656769,0.2224272,0.08181231,6.727791
11.18109,59.13731,,,,,,,,115.8,,,,38.10707,7.501513,3.896803,0.06327671,0.008628642,0.3139334,6.615414
11.14355,59.26442,,,,,,,,116,,,,-19.8101,-4.072058,4.970363,0.145089,0.1775796,-0.1202684,6.466746
11.09792,59.37751,,,,,,,,116.2,,,,-34.15233,6.039613,7.67198,-0.5072789,0.1814145,0.3327886,6.308824
11.04981,59.48534,,,,,,,,116.4,,,,-24.71535,14.20767,8.127357,0.4562528,-0.2683401,-0.5060006,6.170022
11.00116,59.57869,,,,,,,,116.6,,,,17.2033,-16.13979,20.33204,-0.126873,0.07297061,0.3379019,6.036995
10.96649,59.66439,,,,,,,,116.8,,,,-27.11194,-40.25946,10.16626,0.4690359,-0.4405934,-0.4809669,5.88502
10.95273,59.73932,,,,,,,,117,,,,-21.65029,-17.00602,-4.002148,0.01896171,0.3557983,0.000319579,5.725063
10.96257,59.81445,,,,,,,,117.2,,,,26.18634,-14.97525,9.491095,0.239578,-0.2243447,-0.4641357,5.566711
10.97415,59.89123,,,,,,,,117.4,,,,-24.3768,12.89661,3.776135,-0.0813862,-0.007350325,-0.737163,5.432312
10.97813,59.96152,,,,,,,,117.6,,,,43.11287,-21.11351,7.568072,0.2754774,0.6448045,-0.8007593,5.30399
10.9352,60.01379,,,,,,,,117.8,,,,12.30763,-1.004607,10.29746,0.08969527,0.4304734,-1.083907,5.185828
10.79173,60.05501,,,,,,,,118,,,,-50.13506,-0.8073248,8.60955,0.1253816,0.1965413,-1.079006,5.084451
10.55504,60.08686,,,,,,,,118.2,,,,31.29796,-19.90252,19.48114,-0.1597897,0.3100985,-0.6219014,4.996004
10.23735,60.11244,,,,,,,,118.4,,,,11.87428,10.75858,10.98603,0.5931392,-0.447198,-0.8603076,4.927749
9.85378,60.1397,,,,,,,,118.6,,,,-16.71584,-18.99943,16.12303,0.2159291,0.1205879,-0.1264469,4.881247
9.450586,60.15881,,,,,,,,118.8,,,,-70.31196,-39.40952,15.46415,0.6330867,-0.3055179,-1.178396,4.847165
9.037137,60.18811,,,,,,,,119,,,,32.5712,20.92484,14.56776,-0.3055179,-0.00777643,-0.5377455,4.83119
8.617861,60.22015,,,,,,,,119.2,,,,53.24705,35.08272,12.26406,-0.2222142,0.1001349,-0.6179599,4.829345
8.203552,60.25103,,,,,,,,119.4,,,,-3.16705,9.44752,12.89948,0.1020523,0.09438243,0.3292733,4.843987
7.798337,60.28256,,,,,,,,119.6,,,,-61.39404,-18.88498,16.0153,0.3878628,-0.2827212,-0.1644768,4.87235
7.392865,60.31397,,,,,,,,119.8,,,,-26.36543,-5.580884,-0.1795651,0.149137,-0.1636246,-0.07669904,4.898974
7.01865,60.35485,,,,,,,,120,,,,-48.35043,-58.98786,10.70256,0.2148638,0.0128897,-0.4254666,4.933567
6.656135,60.39576,,,,,,,,120.2,,,,-87.19347,-30.14108,13.65653,0.1528655,-0.08522116,-0.2884736,4.976066
6.289987,60.44738,,,,,,,,120.4,,,,-76.23234,-28.5906,12.98902,0.07787083,-0.1775796,-0.6306366,5.014501
5.923944,60.50051,,,,,,,,120.6,,,,7.6308,-7.257783,11.03057,-0.1591505,-0.02535329,0.4436826,5.047056
5.556062,60.55035,,,,,,,,120.8,,,,-8.846576,-5.132211,4.407247,0.1838646,-0.03046656,-0.1293231,5.072059
5.176743,60.59624,,,,,,,,121,,,,40.27526,-34.28114,10.23473,-0.1793905,0.2253034,0.8008658,5.085322
4.801082,60.62418,,,,,,,,121.2,,,,37.91793,-4.842033,6.904878,0.07254451,-0.06370281,-0.201335,5.094324
4.41964,60.64399,,,,,,,,121.4,,,,77.76846,-36.39091,20.18743,-0.04101268,-0.1263404,0.2291384,5.098983
4.055433,60.66594,,,,,,,,121.6,,,,-53.22741,-47.58189,18.26345,0.3800864,0.1499892,-0.03078614,5.093572
3.70584,60.68056,,,,,,,,121.8,,,,-3.383486,28.92387,6.052063,-0.1836516,0.1278317,-0.003408846,5.088829
3.365427,60.6895,,,,,,,,122,,,,-0.7594408,-19.16319,9.617988,0.6075203,-0.3271427,-0.5772668,5.082741
3.034655,60.69366,,,,,,,,122.2,,,,-1.470519,-42.3089,-1.255998,-0.2262622,0.2601376,0.183119,5.070944
2.702739,60.69964,,,,,,,,122.4,,,,-19.64012,5.076665,11.83885,0.08724516,-0.108657,0.1294296,5.062038
2.366213,60.71412,,,,,,,,122.6,,,,-14.40783,27.11529,11.496,0.01331581,-0.04026699,0.1232511,5.047901
2.027764,60.7212,,,,,,,,122.8,,,,-57.88701,-14.5692,12.67634,0.4426174,-0.1360343,-0.6555637,5.033345
1.690213,60.71598,,,,,,,,123,,,,-44.30566,-1.538993,7.505822,0.04463458,0.1197357,0.1262338,5.017524
1.356796,60.71977,,,,,,,,123.2,,,,1.134373,-14.19426,13.28255,0.1733185,-0.1460478,-0.1069525,5.000981
1.030375,60.72864,,,,,,,,123.4,,,,-33.36751,-17.91916,8.009562,-0.01001349,-0.1837581,0.05006743,4.989474
0.6994296,60.73812,,,,,,,,123.6,,,,4.659595,-22.19712,6.923074,-0.08575379,0.1892975,0.03174488,4.981145
0.370069,60.7524,,,,,,,,123.8,,,,-19.60181,-37.19105,4.679228,0.1017328,0.04367584,-0.1836516,4.969159
0.03689047,60.7633,,,,,,,,124,,,,17.51311,4.396712,20.27985,-0.4965197,0.2548113,0.6641924,4.955264
-0.296971,60.77481,,,,,,,,124.2,,,,-22.34461,-28.08399,12.32822,0.02194445,-0.02545982,-0.1524393,4.939814
-0.638026,60.786,,,,,,,,124.4,,,,-38.73579,2.293166,12.01698,0.3220294,-0.08575379,-0.4304734,4.925441
-0.9857108,60.78716,,,,,,,,124.6,,,,8.65073,-24.28295,9.139147,-0.3031743,0.2492719,0.4576376,4.915298
-1.334257,60.79608,,,,,,,,124.8,,,,0.2446874,1.378581,10.26442,-0.06615292,-0.005539375,-0.4020308,4.912759
-1.68592,60.80738,,,,,,,,125,,,,36.44789,9.163089,11.40933,-0.3186206,0.2331864,0.7107444,4.90876
-2.051166,60.81322,,,,,,,,125.2,,,,45.63157,6.093722,16.6148,0.005539375,0.2535329,0.2137986,4.894877
-2.407372,60.8172,,,,,,,,125.4,,,,29.86432,-6.714299,10.34439,0.362616,-0.06476808,-0.2978479,4.886691
-2.764688,60.81385,,,,,,,,125.6,,,,-23.51106,36.21996,9.011296,0.7058442,-0.5998504,-0.604431,4.878272
-3.125403,60.80473,,,,,,,,125.8,,,,-32.87383,23.28074,4.728549,0.1461543,-0.140828,-0.2082592,4.857927
-3.471146,60.79539,,,,,,,,126,,,,29.34142,28.27744,10.73177,0.5144162,-0.2612028,-0.4879977,4.832236
-3.808148,60.78374,,,,,,,,126.2,,,,31.01976,-23.35065,7.422025,-0.05826997,0.1481783,0.2822951,4.806954
-4.1278,60.77551,,,,,,,,126.4,,,,-28.46083,-18.40136,1.35847,-0.05219796,0.008309063,-0.2566222,4.783541
-4.444645,60.77832,,,,,,,,126.6,,,,-75.51887,-29.33041,14.06881,-0.07435546,-0.1411475,-0.06114618,4.763082
-4.762566,60.7987,,,,,,,,126.8,,,,41.08163,-12.58392,15.06767,0.08064052,0.1282578,1.024891,4.740905
-5.024285,60.84452,,,,,,,,127,,,,2.602018,13.0958,6.355169,0.5480785,-0.340352,0.6231797,4.728589
-5.218819,60.94308,,,,,,,,127.2,,,,29.69768,17.81909,9.797073,-0.09523464,-0.2492719,1.161564,4.726145
-5.3311,61.11494,,,,,,,,127.4,,,,14.02188,15.75385,11.03535,0.104822,-0.5618204,0.4526308,4.71818
-5.366707,61.3745,,,,,,,,127.6,,,,-48.02721,-10.15429,10.9688,0.3017894,0.05347627,0.6521549,4.705955
-5.349005,61.70773,,,,,,,,127.8,,,,1.013705,2.53929,11.23551,0.1941977,0.4693555,0.6245645,4.711961
-5.306025,62.10184,,,,,,,,128,,,,-13.50713,-23.59342,6.186139,-0.3132943,-0.05901565,0.7316236,4.729689
-5.262242,62.56962,,,,,,,,128.2,,,,-24.23124,-26.18491,8.896375,-0.5464807,0.06093312,1.189261,4.744674
-5.231675,63.13215,,,,,,,,128.4,,,,-6.533298,-29.86096,7.983226,0.2920955,0.2073005,0.7072291,4.753139
-5.234519,63.76474,,,,,,,,128.6,,,,30.55959,-15.60062,11.1996,0.2700445,0.4321778,0.825793,4.762614
-5.266197,64.42599,,,,,,,,128.8,,,,-71.6259,4.70317,1.331176,0.769547,0.008522116,-0.04506069,4.763214
-5.326006,65.089,,,,,,,,129,,,,-14.0961,-23.30995,4.683537,-0.02087918,-0.02066613,0.1298557,4.744051
-5.403472,65.75446,,,,,,,,129.2,,,,22.5869,-29.51763,3.04734,0.04090615,-0.07446198,-0.243626,4.712537
-5.518066,66.41317,,,,,,,,129.4,,,,-22.63095,-22.26512,17.48964,0.1018393,-0.3731621,-0.3054113,4.676912
-5.645281,67.07617,,,,,,,,129.6,,,,-45.85519,11.21636,7.031291,-0.04846953,-0.01778992,-0.1533981,4.657737
-5.773317,67.73045,,,,,,,,129.8,,,,38.49445,-28.92579,20.08352,-0.4453871,0.3398194,0.5846171,4.655449
-5.891341,68.36594,,,,,,,,130,,,,-3.139277,17.57296,15.11986,-0.1073787,0.01640507,0.3810451,4.658842
-5.994419,68.97589,,,,,,,,130.2,,,,12.64713,-22.62952,17.75875,-0.2202967,0.1184574,0.07680557,4.656215
-6.0848,69.5589,,,,,,,,130.4,,,,32.66409,-46.08216,5.85526,0.1690575,-0.2559831,-0.07190535,4.66158
-6.157746,70.13435,,,,,,,,130.6,,,,-6.117664,39.77631,10.53736,-0.09427591,-0.03312973,0.04420847,4.670832
-6.232198,70.70998,,,,,,,,130.8,,,,-19.80101,59.6817,11.74308,-0.5047223,0.4840562,0.3776363,4.691383
-6.307977,71.27789,,,,,,,,131,,,,19.62431,-4.081156,14.0305,-0.1220793,0.2398975,0.6614227,4.727765
-6.359904,71.83858,,,,,,,,131.2,,,,-7.198886,35.53378,18.36496,-0.3161705,0.1185639,0.2657835,4.777802
-6.396186,72.37518,,,,,,,,131.4,,,,-22.84691,-21.51382,11.18284,0.4206729,-0.207407,-0.2978479,4.821446
-6.431187,72.87728,,,,,,,,131.6,,,,11.35091,-39.99083,15.32816,0.4238687,0.05571333,0.03014698,4.852071
-6.472437,73.33231,,,,,,,,131.8,,,,-54.09364,-27.23452,1.625184,-0.03004046,-0.05294364,0.1960087,4.879782
-6.518015,73.74386,,,,,,,,132,,,,-32.79434,-37.48458,21.42332,0.1179248,-0.1944108,0.01480718,4.907415
-6.569298,74.11172,,,,,,,,132.2,,,,-0.01197101,-3.625779,4.534618,-0.2711098,0.2263687,0.09171927,4.928043
-6.607823,74.44203,,,,,,,,132.4,,,,0.7000646,1.866999,-8.259517,0.2079396,0.09917612,0.1601093,4.948009
-6.640922,74.75519,,,,,,,,132.6,,,,-29.60239,12.69645,8.162791,-0.6509831,0.2507632,-0.03792341,4.965687
-6.692718,75.06138,,,,,,,,132.8,,,,-24.11727,-4.098394,9.953654,0.6214753,0.08245147,-1.154321,4.976502
-6.791047,75.32092,,,,,,,,133,,,,-38.0046,6.172252,0.2691083,0.9867545,0.185356,-1.037887,4.977904
-6.957392,75.52595,,,,,,,,133.2,,,,-51.94125,22.87516,14.95131,0.06391586,0.05667207,-0.9430786,4.964369
-7.196931,75.6671,,,,,,,,133.4,,,,58.68954,14.008,3.803429,-0.2585397,0.3794472,-0.590263,4.952378
-7.507791,75.74537,,,,,,,,133.6,,,,-20.66723,17.67017,11.49791,0.2509763,-0.4479437,-1.318691,4.942101
-7.879407,75.80433,,,,,,,,133.8,,,,-20.45366,3.595133,8.083303,-0.1417867,-0.3212838,-1.086889,4.926955
-8.335247,75.84508,,,,,,,,134,,,,-7.998549,-13.19397,-0.1331176,-0.1285774,-0.07659251,-1.123747,4.914154
-8.880762,75.88612,,,,,,,,134.2,,,,9.942163,30.70133,3.550122,0.09811085,-0.1505219,-0.6670686,4.894657
-9.466035,75.93716,,,,,,,,134.4,,,,49.89181,-9.618945,20.57625,0.507492,0.07275756,-0.453057,4.874533
-10.0665,75.98662,,,,,,,,134.6,,,,-50.56985,3.156994,9.719023,0.6013418,-0.2521481,-1.170619,4.84998
-10.65989,76.04096,,,,,,,,134.8,,,,-82.98974,8.467813,27.45431,0.3952131,-0.1537177,-0.5156945,4.824659
-11.2595,76.10482,,,,,,,,135,,,,-85.60516,-37.34093,16.961,0.1670335,-0.1139833,-0.3334278,4.797143
-11.85562,76.18111,,,,,,,,135.2,,,,-8.839393,5.316565,1.482011,0.1556351,0.247887,-0.0237554,4.770269
-12.43818,76.25977,,,,,,,,135.4,,,,-25.76017,-6.6147,8.67132,-0.1738512,0.1336907,0.5006743,4.749233
-13.01136,76.34428,,,,,,,,135.6,,,,-2.228044,11.35426,16.55974,0.000319579,0.02130529,0.3896737,4.735743
-13.58072,76.43102,,,,,,,,135.8,,,,-22.90389,-11.68897,1.050576,-0.3291667,0.2704706,0.2796319,4.726567
-14.14868,76.51511,,,,,,,,136,,,,-13.10825,12.85926,10.81844,0.0834102,0.09736517,0.3987285,4.718137
-14.71968,76.59145,,,,,,,,136.2,,,,24.4357,-5.436275,16.29111,-0.4849084,0.2324407,0.4270645,4.713216
-15.28688,76.65474,,,,,,,,136.4,,,,36.9727,9.217197,10.14375,-0.3847735,0.2261556,0.5691708,4.71027
-15.84693,76.7147,,,,,,,,136.6,,,,-6.463387,-23.4378,8.036857,-0.1562743,0.1014132,-0.3145726,4.71052
-16.41319,76.76868,,,,,,,,136.8,,,,1.896687,-23.91951,5.036443,0.1521198,0.07627293,-0.4032026,4.711888
-16.98414,76.81385,,,,,,,,137,,,,-29.41468,-45.54442,4.276044,0.07179882,0.08085357,-0.2370213,4.709039
-17.55062,76.85339,,,,,,,,137.2,,,,-29.20112,-27.46197,11.47206,0.2827212,-0.1763013,-0.4464523,4.710304
-18.11592,76.88931,,,,,,,,137.4,,,,45.89733,-10.84956,11.81539,-0.2488458,0.07957526,0.4011786,4.708489
-18.6721,76.91267,,,,,,,,137.6,,,,-2.26683,10.06044,6.497385,0.799694,-0.3178749,-0.7418501,4.708123
-19.21236,76.93151,,,,,,,,137.8,,,,-10.01399,-18.26201,10.03123,0.8091749,-0.1641573,-0.3810451,4.717986
-19.69728,76.94554,,,,,,,,138,,,,34.90698,1.495418,3.970065,0.1638377,0.09608685,0.2165683,4.728358
-20.13473,76.96767,,,,,,,,138.2,,,,-27.04347,1.236845,19.02576,-0.155209,0.1474326,0.6609966,4.744583
-20.51844,76.99866,,,,,,,,138.4,,,,-40.21876,-14.12818,5.222712,-0.0608266,-0.03163835,-0.1164334,4.76231
-20.85844,77.02963,,,,,,,,138.6,,,,-25.3431,-39.25821,10.40759,-0.009054747,-0.1399757,-0.7688013,4.769259
-21.17483,77.05986,,,,,,,,138.8,,,,-77.36001,16.50419,-0.08283938,-0.4002199,0.01874865,-0.2779275,4.77086
-21.4837,77.09776,,,,,,,,139,,,,16.1781,-9.918221,5.042668,-0.1146225,-0.01800297,0.5458415,4.773697
-21.77504,77.15145,,,,,,,,139.2,,,,-38.51792,30.90388,9.409692,0.67868,-0.4185424,0.5883455,4.782533
-22.00989,77.25203,,,,,,,,139.4,,,,18.72074,0.4836287,15.36982,0.5804626,-0.48118,0.9939982,4.788921
-22.1797,77.40727,,,,,,,,139.6,,,,17.75971,1.330697,13.42764,-0.2176335,-0.09203885,1.352992,4.79415
-22.26997,77.63374,,,,,,,,139.8,,,,-46.87416,21.58756,5.850471,0.4320713,-0.432817,0.3228816,4.788605
-22.30082,77.91895,,,,,,,,140,,,,40.78092,-23.57283,15.19025,-0.3496198,0.5319931,1.035544,4.782645
-22.28596,78.26362,,,,,,,,140.2,,,,-5.738902,35.95086,7.189788,-0.4796886,0.1890844,1.500745,4.785618
-22.23228,78.67672,,,,,,,,140.4,,,,30.89669,28.34064,10.70448,-0.495561,-0.151161,0.8633968,4.778018
-22.16475,79.17599,,,,,,,,140.6,,,,-17.83154,-26.2711,7.933906,0.3440804,0.2556635,0.614125,4.754503
-22.11394,79.7445,,,,,,,,140.8,,,,22.55242,13.8586,7.004477,0.6469351,0.382856,0.6886935,4.737207
-22.08439,80.36696,,,,,,,,141,,,,-6.593153,10.74135,7.031291,0.2898585,0.3729491,0.771358,4.725441
-22.08605,81.02502,,,,,,,,141.2,,,,17.01655,-6.079836,4.669651,0.6910371,-0.5038701,-0.425147,4.723122
-22.11312,81.69897,,,,,,,,141.4,,,,-45.65503,1.608425,9.708967,-0.4166249,0.08692558,0.1023719,4.716879
-22.17262,82.38375,,,,,,,,141.6,,,,-32.24894,-5.653668,21.65651,0.1304949,0.06157228,0.4632835,4.703214
-22.24948,83.06712,,,,,,,,141.8,,,,26.70014,-24.13212,5.294538,0.4303668,-0.2712163,-0.2946521,4.69064
-22.33126,83.73935,,,,,,,,142,,,,-13.87919,-9.388622,17.33019,0.1212271,-0.3189402,-0.2240251,4.681987
-22.42386,84.39643,,,,,,,,142.2,,,,-86.75773,-37.64164,12.03086,0.5620335,-0.3519634,-0.3975567,4.68248
-22.51821,85.0281,,,,,,,,142.4,,,,40.8944,-13.0733,17.10609,0.04133226,0.1589375,0.06615292,4.687288
-22.61405,85.638,,,,,,,,142.6,,,,-7.573339,-44.13902,4.933492,-0.2837864,0.07137272,0.4500742,4.695519
-22.70097,86.22832,,,,,,,,142.8,,,,44.06097,-7.353551,6.524199,-0.1973935,0.2530003,0.1776861,4.714318
-22.7891,86.80361,,,,,,,,143,,,,-31.1591,17.25214,5.19446,-0.4233361,0.1505219,0.4167314,4.737959
-22.86399,87.34946,,,,,,,,143.2,,,,40.71579,-9.343612,9.808086,0.4239753,0.02663161,0.1397627,4.757855
-22.92637,87.84425,,,,,,,,143.4,,,,46.21815,28.3574,2.624045,0.5667207,-0.07680557,0.2338255,4.776005
-22.97698,88.27834,,,,,,,,143.6,,,,-17.02325,-13.03499,-2.308011,-0.1627724,0.2267948,0.1859952,4.785324
-23.02229,88.64512,,,,,,,,143.8,,,,-23.83667,-5.034049,-1.361822,-0.06668556,0.2722816,0.2081527,4.791256
-23.06663,88.96935,,,,,,,,144,,,,-6.660191,9.847831,-12.2971,0.4375041,-0.2346778,-0.18738,4.803593
-23.11613,89.25848,,,,,,,,144.2,,,,-37.25809,0.0842759,4.593994,0.4527374,-0.3539874,-0.2932673,4.813633
-23.1709,89.493,,,,,,,,144.4,,,,-13.87153,-46.74535,34.14419,-0.2068744,-0.2287123,0.1928129,4.820114
-23.21344,89.6981,,,,,,,,144.6,,,,-6.707117,7.419152,6.931693,-0.2441586,0.0205596,0.4508199,4.825274
-23.23347,89.88178,,,,,,,,144.8,,,,41.11036,-17.6333,15.16009,0.000852212,-0.0829841,0.2201902,4.817213
-23.21386,90.03355,,,,,,,,145,,,,21.58038,1.921107,24.6076,0.01065264,-0.1181378,0.9882458,4.814106
-23.13294,90.14252,,,,,,,,145.2,,,,-56.96859,-4.819528,16.99309,-0.1052481,0.01406149,1.150272,4.815209
-22.99803,90.2114,,,,,,,,145.4,,,,63.37069,-11.9078,20.0117,-0.3687946,0.03547331,0.8358065,4.819836
-22.81285,90.25125,,,,,,,,145.6,,,,9.323022,-0.5635951,3.080859,0.06892261,-0.3662379,0.6077334,4.816984
-22.59583,90.26752,,,,,,,,145.8,,,,-45.95575,11.51515,2.358768,0.481393,0.08628642,0.5131379,4.813875
-22.37013,90.25316,,,,,,,,146,,,,17.34599,-31.13755,10.74422,0.4980111,-0.002237055,0.4599812,4.817629
-22.14053,90.22707,,,,,,,,146.2,,,,44.38994,-29.71157,21.65795,-0.05709817,0.4005394,0.559903,4.817027
-21.89068,90.19951,,,,,,,,146.4,,,,37.38306,-20.28942,18.3573,-0.4117247,0.04857606,0.4607269,4.81078
-21.60003,90.16445,,,,,,,,146.6,,,,-38.49828,-3.579332,12.47618,-0.2503372,-0.05028048,-0.2501241,4.803513
-21.25169,90.12001,,,,,,,,146.8,,,,-16.74313,-8.908825,13.99507,-0.1947303,0.08745821,-0.1159008,4.802324
-20.82166,90.06265,,,,,,,,147,,,,11.11197,8.896853,19.93556,-0.04942827,0.2356365,0.002450108,4.778765
-20.31209,90.02596,,,,,,,,147.2,,,,-47.51581,2.529235,6.437051,0.1447694,0.1220793,0.2942261,4.750002
-19.75409,90.00336,,,,,,,,147.4,,,,5.298847,10.65324,10.84047,0.7238472,-0.3520699,0.0406931,4.753985
-19.18647,89.97646,,,,,,,,147.6,,,,-19.93029,-39.85292,20.44505,0.4647749,-0.4219512,-0.4567854,4.771835
-18.62046,89.95546,,,,,,,,147.8,,,,-47.00871,-20.46133,-0.6809109,-0.3600594,0.5878129,0.1283644,4.759026
-18.08037,89.9491,,,,,,,,148,,,,-47.39514,-7.897514,11.42848,-0.336517,0.3515373,0.05422196,4.733004
-17.54691,89.97089,,,,,,,,148.2,,,,53.83506,-4.333984,13.70872,-0.6719688,0.2365952,0.06817693,4.705221
-17.0244,90.01266,,,,,,,,148.4,,,,13.12932,19.07461,6.240247,0.2158226,-0.04346279,-0.2750513,4.680832
-16.49071,90.07307,,,,,,,,148.6,,,,19.05401,-1.640507,20.0093,0.03802994,-0.01800297,0.307968,4.669538
-15.94474,90.127,,,,,,,,148.8,,,,-41.24492,3.559699,11.24269,0.0169377,-0.09427591,0.1166465,4.664783
-15.39954,90.17416,,,,,,,,149,,,,39.56371,8.094796,15.63509,-0.2585397,0.417051,0.2963566,4.658703
-14.84339,90.21362,,,,,,,,149.2,,,,-21.08957,-36.60112,10.13944,0.3368366,-0.3652792,-0.3439739,4.655593
-14.28107,90.24397,,,,,,,,149.4,,,,32.08278,-2.352543,3.704788,0.1451955,0.04857606,0.1098288,4.65457
-13.72169,90.28909,,,,,,,,149.6,,,,4.772602,11.76846,17.23346,0.1670335,0.0149137,0.07925568,4.65736
-13.16474,90.32009,,,,,,,,149.8,,,,-31.62214,-20.35502,12.61696,-0.08894958,-0.07201187,0.4185424,4.668801
-12.59127,90.33355,,,,,,,,150,,,,-39.63649,-0.5583279,7.062416,0.4300472,-0.2340386,-0.1883388,4.690372
-12.00549,90.34399,,,,,,,,150.2,,,,-64.30251,-2.058535,5.920382,0.3404585,-0.1548894,-0.09928264,4.714564
-11.43816,90.34922,,,,,,,,150.4,,,,25.59306,20.90282,11.18379,0.1966478,-0.1820537,0.1477522,4.754979
-10.87327,90.3336,,,,,,,,150.6,,,,8.695262,3.97246,21.18342,-0.3087136,0.2196575,0.3647465,4.795471
-10.32756,90.30633,,,,,,,,150.8,,,,8.185776,32.81732,10.18685,0.6604639,0.1790709,0.2029329,4.843107
-9.853791,90.28801,,,,,,,,151,,,,-47.80503,-22.48155,8.244194,0.2359561,-0.07265104,0.2043177,4.889996
-9.436007,90.2773,,,,,,,,151.2,,,,-35.20434,-38.93307,13.82029,-0.1406149,-0.1026915,-0.08575379,4.912309
-9.051003,90.29263,,,,,,,,151.4,,,,-64.21536,-56.06502,11.16704,-0.05667207,-0.04133226,-0.3778493,4.915993
-8.711905,90.33932,,,,,,,,151.6,,,,11.75122,7.466558,22.98434,0.2731338,-0.01001349,0.05667207,4.933558
-8.426051,90.40862,,,,,,,,151.8,,,,17.23586,12.73189,9.875124,-0.1357147,-0.009480854,-0.1247425,4.969268
-8.176086,90.49686,,,,,,,,152,,,,-9.375694,39.62164,-0.02202666,-0.05113269,0.1293231,0.07286409,4.985654
-7.948908,90.58911,,,,,,,,152.2,,,,20.75821,-25.96512,7.435912,-0.2282862,-0.1824798,0.4136422,4.997188
-7.744642,90.68125,,,,,,,,152.4,,,,3.042073,6.539523,26.37117,-0.3214968,0.1400823,0.6527941,5.01433
-7.561442,90.76456,,,,,,,,152.6,,,,-37.19919,-20.68303,4.899495,0.2687662,-0.1422128,-0.04122574,5.012619
-7.399292,90.82789,,,,,,,,152.8,,,,33.24205,15.78354,8.329906,0.2117746,0.002343582,0.0777643,5.001237
-7.271801,90.885,,,,,,,,153,,,,-28.15773,-1.466209,11.85369,0.310205,0.05326322,-0.368475,4.971069
-7.171854,90.92105,,,,,,,,153.2,,,,-27.37722,-8.214985,0.7785944,-0.229458,-0.1941977,-0.4099137,4.903694
-7.079472,90.93878,,,,,,,,153.4,,,,-1.902433,9.194214,-5.656062,-0.291989,0.2898585,0.3294863,4.793308
-7.000472,90.941,,,,,,,,153.6,,,,-46.6017,16.56213,11.99447,-0.08948221,-0.02439456,-0.1304949,4.639196
-6.924589,90.92355,,,,,,,,153.8,,,,26.66135,25.56672,24.12733,-0.1170726,0.1724663,0.3877563,4.47638
-6.852067,90.90531,,,,,,,,154,,,,-36.77254,41.41586,11.1091,0.3345996,-0.008096009,-0.328421,4.317889
-6.785016,90.88934,,,,,,,,154.2,,,,39.30465,11.60087,6.594589,-0.06743124,0.1111071,0.239791,4.172671
-6.728768,90.88335,,,,,,,,154.4,,,,-28.99091,5.620628,13.89403,-0.2128398,0.1002414,0.1983522,4.026517
-6.676116,90.87234,,,,,,,,154.6,,,,-16.88439,-2.682942,-7.795521,-0.513777,-0.0221575,0.1849299,3.861962
-6.608747,90.85654,,,,,,,,154.8,,,,-33.66631,14.84118,10.85579,0.09203885,-0.01001349,-0.1193096,3.699987
-6.521864,90.84415,,,,,,,,155,,,,-32.96576,-7.812759,17.3345,0.4687164,-0.1128115,-0.4832039,3.557979
-6.438426,90.82084,,,,,,,,155.2,,,,-31.62836,-6.720046,12.97131,0.09001485,-0.06657903,-0.4352671,3.41681
-6.350377,90.76279,,,,,,,,155.4,,,,13.52724,0.002394202,14.27279,-0.4767058,0.1870604,0.1591505,3.247752
-6.267306,90.69927,,,,,,,,155.6,,,,-46.89427,12.67299,14.23114,0.3350257,-0.05890912,-0.2474609,3.082966
-6.196054,90.6401,,,,,,,,155.8,,,,-31.55654,-18.21844,18.9118,0.2270079,-0.16714,-0.2814429,2.920146
-6.151586,90.57797,,,,,,,,156,,,,-43.04679,0.1264139,1.255998,0.001597897,0.1454086,-0.3445065,2.75563
-6.121986,90.51659,,,,,,,,156.2,,,,20.58391,-4.382826,16.2844,0.3909521,0.01352886,-0.2574744,2.581848
-6.089544,90.45736,,,,,,,,156.4,,,,17.27033,24.42134,-4.727112,0.04133226,0.03398193,0.318301,2.406053
-6.040505,90.40572,,,,,,,,156.6,,,,24.98062,-7.590577,13.51623,-0.4925783,0.2987002,0.8108793,2.23005
-5.994973,90.35535,,,,,,,,156.8,,,,-13.53538,-1.583046,4.243962,0.5800365,-0.1698032,-0.3397128,2.053093
-5.962408,90.30249,,,,,,,,157,,,,52.79646,-4.024174,17.73481,-0.3546265,0.05294364,0.4094877,1.877322
-5.936686,90.25248,,,,,,,,157.2,,,,-55.5225,5.148013,10.7787,0.2678075,0.002663161,-0.3718838,1.693215
-5.903134,90.21151,,,,,,,,157.4,,,,22.0257,-33.73286,11.49935,0.1378452,-0.2119876,-0.3439739,1.502394
-5.864157,90.18849,,,,,,,,157.6,,,,8.858546,0.6488287,5.550717,-0.1911084,0.1219728,0.2685532,1.311673
-5.824066,90.16959,,,,,,,,157.8,,,,30.27133,-25.10752,14.58404,0.0974717,-0.1451955,-0.1623463,1.125987
-5.780919,90.15222,,,,,,,,158,,,,20.71894,-10.54646,16.65646,-0.2321211,0.003941478,0.1277252,0.939695
-5.740674,90.14585,,,,,,,,158.2,,,,-44.66575,-8.155609,17.1626,-0.08649947,0.1646899,0.4554006,0.75751
-5.693961,90.13846,,,,,,,,158.4,,,,44.21468,-6.992984,14.81197,-0.1879126,0.08085357,0.1672465,0.576027
-5.647626,90.13769,,,,,,,,158.6,,,,-1.202368,-57.53937,11.85321,-0.1568069,0.00777643,0.1344364,0.400995
-5.599953,90.14353,,,,,,,,158.8,,,,49.94592,2.939122,23.26063,-0.727043,0.2832538,0.7388674,0.226265
-5.567825,90.16628,,,,,,,,159,,,,-50.63114,-30.66589,4.977545,0.4653075,-0.04985438,-0.6030462,0.050603
-5.533916,90.18653,,,,,,,,159.2,,,,10.27304,8.549215,11.17518,-0.03185141,-0.1587244,0.4544418,-0.127003
-5.522173,90.22105,,,,,,,,159.4,,,,27.49022,-0.9586384,21.34862,-0.4657336,0.3377953,0.5294364,-0.29116
